CampaignID,CustomerID,CampaignDate,CampaignResponse
1,1,2022-01-01,0
2,1,2022-01-02,1
3,1,2022-01-03,1
4,1,2022-01-04,1
5,1,2022-01-05,1
6,2,2022-01-06,0
7,3,2022-01-07,1
8,4,2022-01-08,0
9,5,2022-01-09,0
10,5,2022-01-10,0
11,5,2022-01-11,0
12,5,2022-01-12,0
13,6,2022-01-13,0
14,6,2022-01-14,0
15,6,2022-01-15,0
16,7,2022-01-16,1
17,7,2022-01-17,1
18,7,2022-01-18,1
19,7,2022-01-19,1
20,8,2022-01-20,0
21,9,2022-01-21,1
22,9,2022-01-22,1
23,9,2022-01-23,0
24,10,2022-01-24,0
25,10,2022-01-25,0
26,10,2022-01-26,0
27,11,2022-01-27,0
28,11,2022-01-28,0
29,11,2022-01-29,0
30,12,2022-01-30,0
31,12,2022-01-31,1
32,12,2022-02-01,1
33,12,2022-02-02,1
34,12,2022-02-03,0
35,12,2022-02-04,0
36,13,2022-02-05,1
37,13,2022-02-06,1
38,13,2022-02-07,0
39,14,2022-02-08,0
40,15,2022-02-09,1
41,15,2022-02-10,0
42,15,2022-02-11,1
43,15,2022-02-12,0
44,16,2022-02-13,0
45,16,2022-02-14,0
46,17,2022-02-15,0
47,17,2022-02-16,1
48,17,2022-02-17,0
49,18,2022-02-18,0
50,18,2022-02-19,0
51,18,2022-02-20,1
52,19,2022-02-21,1
53,19,2022-02-22,1
54,19,2022-02-23,0
55,19,2022-02-24,0
56,19,2022-02-25,0
57,19,2022-02-26,0
58,19,2022-02-27,0
59,20,2022-02-28,1
60,20,2022-03-01,0
61,20,2022-03-02,0
62,20,2022-03-03,1
63,20,2022-03-04,0
64,20,2022-03-05,0
65,21,2022-03-06,1
66,21,2022-03-07,1
67,21,2022-03-08,1
68,21,2022-03-09,1
69,22,2022-03-10,0
70,23,2022-03-11,0
71,23,2022-03-12,0
72,23,2022-03-13,1
73,23,2022-03-14,0
74,23,2022-03-15,0
75,23,2022-03-16,0
76,23,2022-03-17,1
77,23,2022-03-18,1
78,24,2022-03-19,1
79,24,2022-03-20,1
80,24,2022-03-21,0
81,24,2022-03-22,0
82,24,2022-03-23,0
83,24,2022-03-24,0
84,24,2022-03-25,1
85,24,2022-03-26,0
86,24,2022-03-27,0
87,25,2022-03-28,0
88,25,2022-03-29,0
89,26,2022-03-30,1
90,26,2022-03-31,0
91,27,2022-04-01,0
92,27,2022-04-02,1
93,27,2022-04-03,0
94,27,2022-04-04,0
95,27,2022-04-05,0
96,28,2022-04-06,1
97,28,2022-04-07,0
98,28,2022-04-08,1
99,28,2022-04-09,0
100,29,2022-04-10,1
101,29,2022-04-11,1
102,29,2022-04-12,1
103,29,2022-04-13,1
104,29,2022-04-14,1
105,30,2022-04-15,1
106,30,2022-04-16,1
107,30,2022-04-17,0
108,30,2022-04-18,0
109,30,2022-04-19,0
110,31,2022-04-20,0
111,31,2022-04-21,1
112,31,2022-04-22,1
113,31,2022-04-23,1
114,31,2022-04-24,1
115,31,2022-04-25,1
116,31,2022-04-26,0
117,31,2022-04-27,1
118,31,2022-04-28,1
119,31,2022-04-29,1
120,31,2022-04-30,0
121,31,2022-05-01,1
122,32,2022-05-02,0
123,32,2022-05-03,1
124,32,2022-05-04,1
125,33,2022-05-05,1
126,34,2022-05-06,0
127,34,2022-05-07,0
128,34,2022-05-08,0
129,35,2022-05-09,1
130,35,2022-05-10,0
131,35,2022-05-11,0
132,35,2022-05-12,0
133,36,2022-05-13,1
134,36,2022-05-14,1
135,36,2022-05-15,0
136,36,2022-05-16,1
137,36,2022-05-17,0
138,36,2022-05-18,1
139,37,2022-05-19,1
140,37,2022-05-20,0
141,37,2022-05-21,0
142,37,2022-05-22,0
143,37,2022-05-23,1
144,38,2022-05-24,1
145,38,2022-05-25,0
146,38,2022-05-26,0
147,39,2022-05-27,0
148,39,2022-05-28,1
149,39,2022-05-29,0
150,39,2022-05-30,1
151,39,2022-05-31,1
152,40,2022-06-01,0
153,40,2022-06-02,1
154,40,2022-06-03,1
155,40,2022-06-04,1
156,40,2022-06-05,0
157,40,2022-06-06,0
158,40,2022-06-07,1
159,40,2022-06-08,0
160,40,2022-06-09,1
161,41,2022-06-10,0
162,41,2022-06-11,0
163,42,2022-06-12,0
164,42,2022-06-13,1
165,42,2022-06-14,1
166,42,2022-06-15,1
167,42,2022-06-16,1
168,43,2022-06-17,0
169,43,2022-06-18,0
170,43,2022-06-19,1
171,43,2022-06-20,1
172,44,2022-06-21,0
173,44,2022-06-22,1
174,44,2022-06-23,1
175,44,2022-06-24,1
176,44,2022-06-25,0
177,44,2022-06-26,1
178,44,2022-06-27,1
179,45,2022-06-28,0
180,45,2022-06-29,1
181,45,2022-06-30,0
182,45,2022-07-01,1
183,45,2022-07-02,1
184,45,2022-07-03,0
185,46,2022-07-04,0
186,46,2022-07-05,1
187,46,2022-07-06,0
188,46,2022-07-07,1
189,46,2022-07-08,1
190,47,2022-07-09,0
191,47,2022-07-10,1
192,47,2022-07-11,1
193,48,2022-07-12,0
194,48,2022-07-13,1
195,48,2022-07-14,1
196,48,2022-07-15,1
197,48,2022-07-16,0
198,49,2022-07-17,0
199,49,2022-07-18,0
200,49,2022-07-19,0
201,49,2022-07-20,1
202,49,2022-07-21,0
203,49,2022-07-22,1
204,49,2022-07-23,0
205,49,2022-07-24,1
206,49,2022-07-25,1
207,50,2022-07-26,1
208,50,2022-07-27,1
209,50,2022-07-28,0
210,50,2022-07-29,0
211,50,2022-07-30,0
212,50,2022-07-31,0
213,51,2022-08-01,1
214,51,2022-08-02,0
215,52,2022-08-03,1
216,52,2022-08-04,0
217,52,2022-08-05,1
218,52,2022-08-06,1
219,53,2022-08-07,0
220,53,2022-08-08,0
221,54,2022-08-09,0
222,54,2022-08-10,0
223,54,2022-08-11,1
224,54,2022-08-12,0
225,54,2022-08-13,0
226,54,2022-08-14,1
227,54,2022-08-15,1
228,54,2022-08-16,1
229,54,2022-08-17,1
230,54,2022-08-18,0
231,54,2022-08-19,0
232,54,2022-08-20,1
233,54,2022-08-21,1
234,54,2022-08-22,1
235,54,2022-08-23,1
236,54,2022-08-24,0
237,55,2022-08-25,0
238,56,2022-08-26,0
239,56,2022-08-27,0
240,56,2022-08-28,1
241,56,2022-08-29,0
242,56,2022-08-30,0
243,56,2022-08-31,1
244,57,2022-09-01,1
245,57,2022-09-02,1
246,57,2022-09-03,0
247,57,2022-09-04,1
248,58,2022-09-05,0
249,58,2022-09-06,1
250,58,2022-09-07,1
251,58,2022-09-08,1
252,58,2022-09-09,1
253,58,2022-09-10,0
254,59,2022-09-11,1
255,59,2022-09-12,0
256,59,2022-09-13,0
257,59,2022-09-14,0
258,59,2022-09-15,0
259,59,2022-09-16,0
260,60,2022-09-17,0
261,60,2022-09-18,0
262,60,2022-09-19,0
263,60,2022-09-20,1
264,60,2022-09-21,0
265,60,2022-09-22,0
266,62,2022-09-23,0
267,62,2022-09-24,1
268,62,2022-09-25,1
269,62,2022-09-26,1
270,63,2022-09-27,1
271,63,2022-09-28,1
272,64,2022-09-29,0
273,64,2022-09-30,1
274,64,2022-10-01,1
275,64,2022-10-02,1
276,64,2022-10-03,1
277,64,2022-10-04,0
278,64,2022-10-05,1
279,65,2022-10-06,0
280,65,2022-10-07,0
281,65,2022-10-08,1
282,65,2022-10-09,0
283,65,2022-10-10,0
284,65,2022-10-11,1
285,66,2022-10-12,1
286,66,2022-10-13,0
287,66,2022-10-14,0
288,66,2022-10-15,1
289,66,2022-10-16,1
290,66,2022-10-17,1
291,66,2022-10-18,1
292,67,2022-10-19,0
293,67,2022-10-20,0
294,68,2022-10-21,0
295,68,2022-10-22,1
296,69,2022-10-23,0
297,69,2022-10-24,0
298,69,2022-10-25,0
299,69,2022-10-26,1
300,69,2022-10-27,1
301,69,2022-10-28,1
302,70,2022-10-29,1
303,70,2022-10-30,0
304,70,2022-10-31,1
305,70,2022-11-01,1
306,70,2022-11-02,0
307,71,2022-11-03,1
308,71,2022-11-04,0
309,71,2022-11-05,1
310,72,2022-11-06,0
311,72,2022-11-07,0
312,73,2022-11-08,0
313,73,2022-11-09,0
314,74,2022-11-10,1
315,74,2022-11-11,0
316,75,2022-11-12,0
317,75,2022-11-13,0
318,75,2022-11-14,1
319,75,2022-11-15,1
320,75,2022-11-16,0
321,75,2022-11-17,1
322,75,2022-11-18,1
323,75,2022-11-19,0
324,76,2022-11-20,0
325,76,2022-11-21,1
326,76,2022-11-22,0
327,76,2022-11-23,0
328,77,2022-11-24,1
329,77,2022-11-25,0
330,77,2022-11-26,0
331,77,2022-11-27,1
332,77,2022-11-28,1
333,77,2022-11-29,1
334,77,2022-11-30,1
335,79,2022-12-01,1
336,79,2022-12-02,0
337,79,2022-12-03,0
338,79,2022-12-04,0
339,80,2022-12-05,1
340,80,2022-12-06,0
341,80,2022-12-07,1
342,80,2022-12-08,1
343,81,2022-12-09,1
344,81,2022-12-10,0
345,81,2022-12-11,1
346,81,2022-12-12,1
347,81,2022-12-13,0
348,82,2022-12-14,0
349,83,2022-12-15,1
350,83,2022-12-16,0
351,83,2022-12-17,1
352,83,2022-12-18,0
353,83,2022-12-19,0
354,83,2022-12-20,0
355,83,2022-12-21,1
356,83,2022-12-22,1
357,84,2022-12-23,0
358,84,2022-12-24,1
359,85,2022-12-25,0
360,85,2022-12-26,1
361,86,2022-12-27,1
362,86,2022-12-28,0
363,86,2022-12-29,0
364,86,2022-12-30,1
365,86,2022-12-31,1
366,87,2023-01-01,0
367,88,2023-01-02,0
368,88,2023-01-03,1
369,89,2023-01-04,1
370,89,2023-01-05,0
371,89,2023-01-06,0
372,89,2023-01-07,0
373,89,2023-01-08,0
374,89,2023-01-09,0
375,89,2023-01-10,1
376,90,2023-01-11,1
377,90,2023-01-12,0
378,90,2023-01-13,0
379,91,2023-01-14,0
380,91,2023-01-15,0
381,91,2023-01-16,0
382,91,2023-01-17,0
383,92,2023-01-18,0
384,92,2023-01-19,0
385,92,2023-01-20,0
386,92,2023-01-21,1
387,93,2023-01-22,1
388,93,2023-01-23,1
389,93,2023-01-24,1
390,93,2023-01-25,1
391,93,2023-01-26,0
392,93,2023-01-27,0
393,93,2023-01-28,0
394,93,2023-01-29,0
395,93,2023-01-30,1
396,94,2023-01-31,0
397,94,2023-02-01,1
398,94,2023-02-02,0
399,94,2023-02-03,1
400,94,2023-02-04,0
401,96,2023-02-05,1
402,96,2023-02-06,1
403,96,2023-02-07,0
404,97,2023-02-08,0
405,97,2023-02-09,0
406,97,2023-02-10,0
407,97,2023-02-11,0
408,98,2023-02-12,1
409,98,2023-02-13,1
410,98,2023-02-14,0
411,99,2023-02-15,1
412,99,2023-02-16,1
413,100,2023-02-17,1
414,100,2023-02-18,0
415,100,2023-02-19,0
416,101,2023-02-20,0
417,101,2023-02-21,1
418,101,2023-02-22,0
419,101,2023-02-23,1
420,101,2023-02-24,0
421,101,2023-02-25,1
422,101,2023-02-26,0
423,101,2023-02-27,1
424,101,2023-02-28,1
425,101,2023-03-01,0
426,101,2023-03-02,0
427,102,2023-03-03,0
428,103,2023-03-04,0
429,104,2023-03-05,0
430,104,2023-03-06,0
431,104,2023-03-07,1
432,104,2023-03-08,1
433,104,2023-03-09,1
434,104,2023-03-10,0
435,104,2023-03-11,1
436,104,2023-03-12,0
437,104,2023-03-13,1
438,104,2023-03-14,0
439,105,2023-03-15,0
440,105,2023-03-16,0
441,105,2023-03-17,0
442,105,2023-03-18,0
443,107,2023-03-19,0
444,107,2023-03-20,1
445,107,2023-03-21,0
446,107,2023-03-22,0
447,108,2023-03-23,1
448,108,2023-03-24,1
449,109,2023-03-25,1
450,109,2023-03-26,1
451,109,2023-03-27,1
452,109,2023-03-28,1
453,109,2023-03-29,1
454,109,2023-03-30,1
455,109,2023-03-31,1
456,110,2023-04-01,1
457,110,2023-04-02,0
458,111,2023-04-03,1
459,111,2023-04-04,0
460,112,2023-04-05,1
461,113,2023-04-06,1
462,113,2023-04-07,1
463,113,2023-04-08,0
464,113,2023-04-09,1
465,114,2023-04-10,0
466,115,2023-04-11,1
467,115,2023-04-12,1
468,115,2023-04-13,0
469,116,2023-04-14,0
470,116,2023-04-15,0
471,116,2023-04-16,0
472,117,2023-04-17,1
473,117,2023-04-18,0
474,117,2023-04-19,1
475,118,2023-04-20,0
476,118,2023-04-21,1
477,118,2023-04-22,0
478,118,2023-04-23,0
479,118,2023-04-24,0
480,118,2023-04-25,0
481,118,2023-04-26,1
482,119,2023-04-27,1
483,119,2023-04-28,1
484,119,2023-04-29,0
485,119,2023-04-30,0
486,119,2023-05-01,1
487,119,2023-05-02,1
488,120,2023-05-03,1
489,120,2023-05-04,0
490,120,2023-05-05,0
491,120,2023-05-06,0
492,120,2023-05-07,0
493,120,2023-05-08,0
494,120,2023-05-09,1
495,121,2023-05-10,1
496,121,2023-05-11,0
497,122,2023-05-12,1
498,122,2023-05-13,1
499,123,2023-05-14,1
500,124,2023-05-15,0
501,124,2023-05-16,0
502,124,2023-05-17,1
503,124,2023-05-18,1
504,124,2023-05-19,1
505,124,2023-05-20,0
506,124,2023-05-21,0
507,125,2023-05-22,0
508,125,2023-05-23,0
509,125,2023-05-24,0
510,125,2023-05-25,0
511,125,2023-05-26,1
512,125,2023-05-27,0
513,125,2023-05-28,1
514,126,2023-05-29,1
515,126,2023-05-30,1
516,126,2023-05-31,0
517,126,2023-06-01,1
518,126,2023-06-02,1
519,127,2023-06-03,0
520,128,2023-06-04,1
521,128,2023-06-05,0
522,128,2023-06-06,1
523,129,2023-06-07,0
524,129,2023-06-08,0
525,129,2023-06-09,0
526,130,2023-06-10,1
527,130,2023-06-11,1
528,131,2023-06-12,0
529,131,2023-06-13,1
530,131,2023-06-14,1
531,131,2023-06-15,1
532,132,2023-06-16,0
533,133,2023-06-17,0
534,133,2023-06-18,0
535,133,2023-06-19,1
536,133,2023-06-20,0
537,133,2023-06-21,0
538,133,2023-06-22,1
539,134,2023-06-23,1
540,134,2023-06-24,0
541,134,2023-06-25,0
542,134,2023-06-26,1
543,134,2023-06-27,1
544,134,2023-06-28,1
545,134,2023-06-29,0
546,135,2023-06-30,0
547,135,2023-07-01,0
548,135,2023-07-02,0
549,136,2023-07-03,0
550,136,2023-07-04,1
551,137,2023-07-05,1
552,137,2023-07-06,1
553,137,2023-07-07,1
554,137,2023-07-08,1
555,137,2023-07-09,1
556,137,2023-07-10,0
557,137,2023-07-11,0
558,138,2023-07-12,1
559,138,2023-07-13,1
560,138,2023-07-14,0
561,138,2023-07-15,1
562,138,2023-07-16,1
563,138,2023-07-17,0
564,138,2023-07-18,0
565,139,2023-07-19,0
566,139,2023-07-20,1
567,139,2023-07-21,1
568,139,2023-07-22,1
569,139,2023-07-23,0
570,139,2023-07-24,0
571,140,2023-07-25,0
572,140,2023-07-26,1
573,140,2023-07-27,0
574,141,2023-07-28,1
575,141,2023-07-29,1
576,141,2023-07-30,0
577,141,2023-07-31,1
578,141,2023-08-01,1
579,141,2023-08-02,1
580,141,2023-08-03,1
581,141,2023-08-04,1
582,141,2023-08-05,0
583,143,2023-08-06,0
584,144,2023-08-07,1
585,144,2023-08-08,1
586,144,2023-08-09,1
587,144,2023-08-10,1
588,144,2023-08-11,1
589,144,2023-08-12,0
590,144,2023-08-13,1
591,145,2023-08-14,0
592,145,2023-08-15,0
593,146,2023-08-16,1
594,146,2023-08-17,0
595,146,2023-08-18,1
596,146,2023-08-19,1
597,147,2023-08-20,1
598,147,2023-08-21,0
599,147,2023-08-22,0
600,149,2023-08-23,1
601,150,2023-08-24,1
602,150,2023-08-25,0
603,150,2023-08-26,0
604,150,2023-08-27,0
605,150,2023-08-28,0
606,151,2023-08-29,0
607,151,2023-08-30,0
608,151,2023-08-31,1
609,151,2023-09-01,0
610,151,2023-09-02,0
611,152,2023-09-03,1
612,154,2023-09-04,0
613,154,2023-09-05,0
614,154,2023-09-06,0
615,155,2023-09-07,0
616,155,2023-09-08,1
617,155,2023-09-09,0
618,156,2023-09-10,0
619,156,2023-09-11,1
620,156,2023-09-12,1
621,156,2023-09-13,1
622,156,2023-09-14,0
623,156,2023-09-15,1
624,157,2023-09-16,1
625,157,2023-09-17,1
626,157,2023-09-18,0
627,158,2023-09-19,1
628,158,2023-09-20,1
629,158,2023-09-21,0
630,159,2023-09-22,0
631,159,2023-09-23,1
632,160,2023-09-24,0
633,160,2023-09-25,1
634,161,2023-09-26,0
635,162,2023-09-27,0
636,162,2023-09-28,0
637,162,2023-09-29,1
638,163,2023-09-30,1
639,163,2023-10-01,0
640,163,2023-10-02,1
641,163,2023-10-03,1
642,163,2023-10-04,1
643,163,2023-10-05,0
644,163,2023-10-06,1
645,163,2023-10-07,0
646,163,2023-10-08,0
647,164,2023-10-09,1
648,166,2023-10-10,0
649,167,2023-10-11,1
650,167,2023-10-12,1
651,167,2023-10-13,1
652,167,2023-10-14,1
653,167,2023-10-15,0
654,167,2023-10-16,1
655,167,2023-10-17,1
656,167,2023-10-18,1
657,167,2023-10-19,0
658,168,2023-10-20,1
659,168,2023-10-21,0
660,168,2023-10-22,1
661,168,2023-10-23,1
662,168,2023-10-24,0
663,168,2023-10-25,1
664,168,2023-10-26,1
665,168,2023-10-27,0
666,168,2023-10-28,1
667,168,2023-10-29,1
668,169,2023-10-30,1
669,169,2023-10-31,0
670,169,2023-11-01,1
671,169,2023-11-02,1
672,169,2023-11-03,0
673,169,2023-11-04,0
674,169,2023-11-05,0
675,169,2023-11-06,0
676,169,2023-11-07,0
677,170,2023-11-08,1
678,171,2023-11-09,1
679,171,2023-11-10,1
680,171,2023-11-11,1
681,172,2023-11-12,0
682,172,2023-11-13,0
683,172,2023-11-14,0
684,172,2023-11-15,0
685,173,2023-11-16,1
686,174,2023-11-17,1
687,174,2023-11-18,1
688,174,2023-11-19,0
689,174,2023-11-20,0
690,175,2023-11-21,0
691,175,2023-11-22,0
692,175,2023-11-23,0
693,176,2023-11-24,1
694,176,2023-11-25,0
695,176,2023-11-26,1
696,177,2023-11-27,0
697,177,2023-11-28,1
698,177,2023-11-29,0
699,177,2023-11-30,0
700,177,2023-12-01,0
701,177,2023-12-02,1
702,177,2023-12-03,0
703,177,2023-12-04,1
704,177,2023-12-05,1
705,177,2023-12-06,1
706,177,2023-12-07,0
707,178,2023-12-08,0
708,178,2023-12-09,1
709,178,2023-12-10,0
710,178,2023-12-11,0
711,178,2023-12-12,1
712,178,2023-12-13,0
713,179,2023-12-14,0
714,179,2023-12-15,0
715,179,2023-12-16,0
716,180,2023-12-17,1
717,180,2023-12-18,0
718,180,2023-12-19,0
719,181,2023-12-20,0
720,181,2023-12-21,0
721,181,2023-12-22,1
722,181,2023-12-23,0
723,182,2023-12-24,1
724,182,2023-12-25,1
725,182,2023-12-26,0
726,182,2023-12-27,0
727,182,2023-12-28,1
728,182,2023-12-29,1
729,183,2023-12-30,1
730,183,2023-12-31,0
731,183,2024-01-01,0
732,183,2024-01-02,1
733,183,2024-01-03,0
734,184,2024-01-04,1
735,184,2024-01-05,0
736,184,2024-01-06,0
737,184,2024-01-07,1
738,184,2024-01-08,1
739,184,2024-01-09,1
740,184,2024-01-10,1
741,185,2024-01-11,0
742,185,2024-01-12,0
743,185,2024-01-13,0
744,185,2024-01-14,0
745,185,2024-01-15,0
746,185,2024-01-16,1
747,186,2024-01-17,1
748,186,2024-01-18,1
749,186,2024-01-19,1
750,186,2024-01-20,1
751,186,2024-01-21,0
752,186,2024-01-22,1
753,186,2024-01-23,0
754,186,2024-01-24,1
755,187,2024-01-25,1
756,187,2024-01-26,0
757,187,2024-01-27,1
758,187,2024-01-28,1
759,188,2024-01-29,1
760,188,2024-01-30,0
761,189,2024-01-31,0
762,189,2024-02-01,1
763,189,2024-02-02,0
764,189,2024-02-03,0
765,190,2024-02-04,1
766,190,2024-02-05,1
767,190,2024-02-06,0
768,190,2024-02-07,0
769,190,2024-02-08,0
770,190,2024-02-09,0
771,190,2024-02-10,0
772,190,2024-02-11,0
773,191,2024-02-12,1
774,191,2024-02-13,1
775,191,2024-02-14,0
776,191,2024-02-15,1
777,191,2024-02-16,1
778,191,2024-02-17,1
779,191,2024-02-18,1
780,191,2024-02-19,1
781,191,2024-02-20,1
782,192,2024-02-21,0
783,192,2024-02-22,1
784,192,2024-02-23,1
785,192,2024-02-24,1
786,192,2024-02-25,1
787,192,2024-02-26,1
788,193,2024-02-27,0
789,193,2024-02-28,0
790,193,2024-02-29,1
791,194,2024-03-01,1
792,194,2024-03-02,0
793,194,2024-03-03,1
794,194,2024-03-04,1
795,194,2024-03-05,1
796,194,2024-03-06,1
797,194,2024-03-07,1
798,194,2024-03-08,1
799,194,2024-03-09,1
800,195,2024-03-10,1
801,195,2024-03-11,0
802,196,2024-03-12,0
803,196,2024-03-13,1
804,196,2024-03-14,0
805,196,2024-03-15,0
806,196,2024-03-16,1
807,197,2024-03-17,1
808,197,2024-03-18,0
809,198,2024-03-19,1
810,198,2024-03-20,0
811,199,2024-03-21,1
812,199,2024-03-22,0
813,199,2024-03-23,0
814,199,2024-03-24,0
815,199,2024-03-25,0
816,199,2024-03-26,1
817,201,2024-03-27,1
818,201,2024-03-28,0
819,201,2024-03-29,0
820,202,2024-03-30,1
821,202,2024-03-31,1
822,202,2024-04-01,0
823,202,2024-04-02,0
824,202,2024-04-03,0
825,202,2024-04-04,1
826,202,2024-04-05,1
827,202,2024-04-06,1
828,202,2024-04-07,1
829,202,2024-04-08,1
830,203,2024-04-09,0
831,203,2024-04-10,1
832,203,2024-04-11,0
833,203,2024-04-12,1
834,203,2024-04-13,0
835,204,2024-04-14,1
836,204,2024-04-15,0
837,204,2024-04-16,1
838,204,2024-04-17,1
839,204,2024-04-18,0
840,204,2024-04-19,1
841,204,2024-04-20,1
842,204,2024-04-21,1
843,204,2024-04-22,0
844,205,2024-04-23,0
845,205,2024-04-24,0
846,206,2024-04-25,1
847,206,2024-04-26,0
848,207,2024-04-27,0
849,208,2024-04-28,1
850,209,2024-04-29,0
851,209,2024-04-30,1
852,209,2024-05-01,1
853,209,2024-05-02,1
854,210,2024-05-03,0
855,210,2024-05-04,1
856,210,2024-05-05,1
857,210,2024-05-06,0
858,211,2024-05-07,1
859,211,2024-05-08,1
860,211,2024-05-09,1
861,211,2024-05-10,0
862,212,2024-05-11,1
863,212,2024-05-12,0
864,213,2024-05-13,0
865,213,2024-05-14,1
866,213,2024-05-15,0
867,213,2024-05-16,1
868,213,2024-05-17,1
869,213,2024-05-18,0
870,213,2024-05-19,1
871,213,2024-05-20,0
872,214,2024-05-21,0
873,214,2024-05-22,1
874,215,2024-05-23,0
875,216,2024-05-24,0
876,216,2024-05-25,1
877,216,2024-05-26,0
878,217,2024-05-27,0
879,217,2024-05-28,1
880,217,2024-05-29,0
881,218,2024-05-30,0
882,218,2024-05-31,0
883,219,2024-06-01,1
884,220,2024-06-02,0
885,220,2024-06-03,1
886,220,2024-06-04,0
887,220,2024-06-05,1
888,220,2024-06-06,1
889,220,2024-06-07,1
890,220,2024-06-08,1
891,221,2024-06-09,0
892,221,2024-06-10,0
893,221,2024-06-11,0
894,221,2024-06-12,0
895,222,2024-06-13,1
896,222,2024-06-14,0
897,222,2024-06-15,1
898,222,2024-06-16,0
899,222,2024-06-17,0
900,222,2024-06-18,1
901,222,2024-06-19,1
902,222,2024-06-20,0
903,222,2024-06-21,1
904,223,2024-06-22,0
905,223,2024-06-23,1
906,223,2024-06-24,1
907,223,2024-06-25,0
908,224,2024-06-26,0
909,224,2024-06-27,0
910,224,2024-06-28,0
911,225,2024-06-29,0
912,225,2024-06-30,1
913,225,2024-07-01,1
914,225,2024-07-02,0
915,226,2024-07-03,0
916,226,2024-07-04,0
917,226,2024-07-05,1
918,227,2024-07-06,0
919,227,2024-07-07,1
920,227,2024-07-08,1
921,227,2024-07-09,1
922,227,2024-07-10,0
923,227,2024-07-11,1
924,227,2024-07-12,1
925,227,2024-07-13,0
926,227,2024-07-14,0
927,227,2024-07-15,1
928,227,2024-07-16,1
929,228,2024-07-17,1
930,228,2024-07-18,0
931,228,2024-07-19,0
932,228,2024-07-20,0
933,228,2024-07-21,1
934,229,2024-07-22,1
935,229,2024-07-23,0
936,229,2024-07-24,0
937,229,2024-07-25,1
938,229,2024-07-26,0
939,229,2024-07-27,1
940,230,2024-07-28,1
941,230,2024-07-29,1
942,230,2024-07-30,0
943,231,2024-07-31,0
944,231,2024-08-01,0
945,231,2024-08-02,1
946,232,2024-08-03,1
947,232,2024-08-04,0
948,232,2024-08-05,1
949,233,2024-08-06,0
950,233,2024-08-07,0
951,233,2024-08-08,0
952,234,2024-08-09,1
953,234,2024-08-10,1
954,234,2024-08-11,1
955,234,2024-08-12,1
956,234,2024-08-13,0
957,234,2024-08-14,1
958,234,2024-08-15,0
959,234,2024-08-16,0
960,234,2024-08-17,1
961,235,2024-08-18,1
962,235,2024-08-19,0
963,235,2024-08-20,0
964,235,2024-08-21,1
965,235,2024-08-22,0
966,236,2024-08-23,0
967,236,2024-08-24,1
968,237,2024-08-25,0
969,238,2024-08-26,0
970,238,2024-08-27,0
971,239,2024-08-28,1
972,239,2024-08-29,1
973,239,2024-08-30,1
974,239,2024-08-31,1
975,239,2024-09-01,0
976,240,2024-09-02,0
977,240,2024-09-03,1
978,241,2024-09-04,1
979,241,2024-09-05,0
980,241,2024-09-06,1
981,241,2024-09-07,0
982,241,2024-09-08,0
983,241,2024-09-09,1
984,241,2024-09-10,0
985,242,2024-09-11,0
986,242,2024-09-12,0
987,242,2024-09-13,0
988,243,2024-09-14,1
989,243,2024-09-15,0
990,244,2024-09-16,0
991,244,2024-09-17,1
992,245,2024-09-18,0
993,245,2024-09-19,1
994,245,2024-09-20,0
995,245,2024-09-21,1
996,245,2024-09-22,1
997,245,2024-09-23,1
998,245,2024-09-24,1
999,245,2024-09-25,1
1000,245,2024-09-26,1
1001,245,2024-09-27,1
1002,245,2024-09-28,1
1003,246,2024-09-29,0
1004,246,2024-09-30,1
1005,246,2024-10-01,0
1006,247,2024-10-02,0
1007,247,2024-10-03,0
1008,247,2024-10-04,0
1009,248,2024-10-05,1
1010,248,2024-10-06,0
1011,248,2024-10-07,0
1012,248,2024-10-08,1
1013,248,2024-10-09,0
1014,248,2024-10-10,0
1015,249,2024-10-11,1
1016,249,2024-10-12,1
1017,249,2024-10-13,0
1018,249,2024-10-14,1
1019,249,2024-10-15,1
1020,250,2024-10-16,0
1021,251,2024-10-17,1
1022,251,2024-10-18,0
1023,251,2024-10-19,0
1024,251,2024-10-20,1
1025,252,2024-10-21,1
1026,252,2024-10-22,0
1027,252,2024-10-23,0
1028,252,2024-10-24,1
1029,253,2024-10-25,1
1030,253,2024-10-26,0
1031,253,2024-10-27,0
1032,253,2024-10-28,0
1033,254,2024-10-29,0
1034,254,2024-10-30,0
1035,254,2024-10-31,1
1036,254,2024-11-01,1
1037,255,2024-11-02,0
1038,256,2024-11-03,1
1039,256,2024-11-04,0
1040,256,2024-11-05,1
1041,256,2024-11-06,1
1042,257,2024-11-07,1
1043,258,2024-11-08,0
1044,258,2024-11-09,0
1045,259,2024-11-10,0
1046,259,2024-11-11,1
1047,259,2024-11-12,0
1048,260,2024-11-13,1
1049,260,2024-11-14,1
1050,260,2024-11-15,0
1051,261,2024-11-16,0
1052,261,2024-11-17,1
1053,261,2024-11-18,1
1054,261,2024-11-19,0
1055,261,2024-11-20,0
1056,261,2024-11-21,1
1057,261,2024-11-22,1
1058,261,2024-11-23,1
1059,261,2024-11-24,0
1060,262,2024-11-25,1
1061,262,2024-11-26,0
1062,262,2024-11-27,1
1063,262,2024-11-28,0
1064,262,2024-11-29,0
1065,263,2024-11-30,1
1066,263,2024-12-01,1
1067,264,2024-12-02,0
1068,264,2024-12-03,1
1069,265,2024-12-04,0
1070,265,2024-12-05,1
1071,265,2024-12-06,0
1072,265,2024-12-07,0
1073,266,2024-12-08,1
1074,266,2024-12-09,0
1075,266,2024-12-10,1
1076,266,2024-12-11,0
1077,266,2024-12-12,1
1078,266,2024-12-13,1
1079,266,2024-12-14,1
1080,266,2024-12-15,0
1081,266,2024-12-16,1
1082,266,2024-12-17,1
1083,266,2024-12-18,1
1084,266,2024-12-19,1
1085,266,2024-12-20,1
1086,267,2024-12-21,1
1087,267,2024-12-22,1
1088,267,2024-12-23,0
1089,267,2024-12-24,0
1090,268,2024-12-25,1
1091,269,2024-12-26,1
1092,269,2024-12-27,1
1093,269,2024-12-28,0
1094,269,2024-12-29,1
1095,269,2024-12-30,0
1096,270,2024-12-31,0
1097,270,2025-01-01,1
1098,270,2025-01-02,1
1099,270,2025-01-03,1
1100,270,2025-01-04,1
1101,270,2025-01-05,1
1102,270,2025-01-06,0
1103,270,2025-01-07,0
1104,270,2025-01-08,0
1105,270,2025-01-09,1
1106,270,2025-01-10,0
1107,271,2025-01-11,0
1108,271,2025-01-12,0
1109,271,2025-01-13,0
1110,271,2025-01-14,1
1111,271,2025-01-15,0
1112,272,2025-01-16,0
1113,272,2025-01-17,0
1114,272,2025-01-18,1
1115,272,2025-01-19,0
1116,273,2025-01-20,0
1117,273,2025-01-21,0
1118,273,2025-01-22,1
1119,273,2025-01-23,0
1120,274,2025-01-24,1
1121,274,2025-01-25,1
1122,274,2025-01-26,1
1123,274,2025-01-27,1
1124,274,2025-01-28,1
1125,274,2025-01-29,1
1126,274,2025-01-30,0
1127,274,2025-01-31,1
1128,274,2025-02-01,0
1129,274,2025-02-02,0
1130,274,2025-02-03,1
1131,274,2025-02-04,1
1132,274,2025-02-05,0
1133,274,2025-02-06,0
1134,274,2025-02-07,0
1135,275,2025-02-08,0
1136,275,2025-02-09,1
1137,275,2025-02-10,1
1138,275,2025-02-11,0
1139,275,2025-02-12,1
1140,275,2025-02-13,1
1141,275,2025-02-14,1
1142,275,2025-02-15,0
1143,275,2025-02-16,0
1144,275,2025-02-17,0
1145,275,2025-02-18,1
1146,275,2025-02-19,1
1147,275,2025-02-20,1
1148,275,2025-02-21,0
1149,276,2025-02-22,0
1150,276,2025-02-23,1
1151,276,2025-02-24,0
1152,276,2025-02-25,1
1153,276,2025-02-26,1
1154,276,2025-02-27,1
1155,276,2025-02-28,1
1156,277,2025-03-01,1
1157,277,2025-03-02,1
1158,277,2025-03-03,0
1159,277,2025-03-04,1
1160,278,2025-03-05,1
1161,278,2025-03-06,0
1162,278,2025-03-07,0
1163,278,2025-03-08,0
1164,279,2025-03-09,0
1165,279,2025-03-10,0
1166,279,2025-03-11,1
1167,279,2025-03-12,0
1168,279,2025-03-13,1
1169,279,2025-03-14,1
1170,279,2025-03-15,0
1171,280,2025-03-16,0
1172,280,2025-03-17,0
1173,281,2025-03-18,1
1174,281,2025-03-19,1
1175,281,2025-03-20,1
1176,281,2025-03-21,1
1177,281,2025-03-22,1
1178,281,2025-03-23,0
1179,282,2025-03-24,0
1180,283,2025-03-25,1
1181,283,2025-03-26,1
1182,283,2025-03-27,0
1183,284,2025-03-28,1
1184,284,2025-03-29,1
1185,284,2025-03-30,0
1186,284,2025-03-31,0
1187,284,2025-04-01,1
1188,285,2025-04-02,0
1189,285,2025-04-03,0
1190,286,2025-04-04,1
1191,286,2025-04-05,0
1192,286,2025-04-06,0
1193,286,2025-04-07,1
1194,287,2025-04-08,1
1195,288,2025-04-09,0
1196,288,2025-04-10,0
1197,288,2025-04-11,0
1198,288,2025-04-12,1
1199,288,2025-04-13,0
1200,288,2025-04-14,0
1201,289,2025-04-15,1
1202,289,2025-04-16,0
1203,289,2025-04-17,0
1204,289,2025-04-18,0
1205,289,2025-04-19,0
1206,290,2025-04-20,1
1207,290,2025-04-21,1
1208,290,2025-04-22,0
1209,291,2025-04-23,0
1210,291,2025-04-24,1
1211,291,2025-04-25,1
1212,292,2025-04-26,1
1213,292,2025-04-27,0
1214,292,2025-04-28,1
1215,292,2025-04-29,0
1216,292,2025-04-30,1
1217,293,2025-05-01,1
1218,293,2025-05-02,1
1219,293,2025-05-03,1
1220,293,2025-05-04,1
1221,293,2025-05-05,1
1222,295,2025-05-06,1
1223,295,2025-05-07,1
1224,295,2025-05-08,1
1225,295,2025-05-09,1
1226,295,2025-05-10,1
1227,296,2025-05-11,0
1228,296,2025-05-12,1
1229,296,2025-05-13,1
1230,296,2025-05-14,0
1231,296,2025-05-15,1
1232,296,2025-05-16,0
1233,296,2025-05-17,0
1234,297,2025-05-18,0
1235,297,2025-05-19,0
1236,297,2025-05-20,1
1237,297,2025-05-21,0
1238,297,2025-05-22,0
1239,298,2025-05-23,0
1240,298,2025-05-24,0
1241,298,2025-05-25,0
1242,298,2025-05-26,1
1243,298,2025-05-27,0
1244,299,2025-05-28,1
1245,300,2025-05-29,0
1246,300,2025-05-30,1
1247,300,2025-05-31,1
1248,300,2025-06-01,1
1249,300,2025-06-02,1
1250,301,2025-06-03,1
1251,301,2025-06-04,1
1252,301,2025-06-05,1
1253,301,2025-06-06,1
1254,302,2025-06-07,0
1255,302,2025-06-08,0
1256,303,2025-06-09,0
1257,303,2025-06-10,1
1258,303,2025-06-11,1
1259,303,2025-06-12,1
1260,303,2025-06-13,1
1261,303,2025-06-14,1
1262,303,2025-06-15,0
1263,303,2025-06-16,1
1264,304,2025-06-17,1
1265,304,2025-06-18,0
1266,304,2025-06-19,0
1267,304,2025-06-20,0
1268,304,2025-06-21,0
1269,305,2025-06-22,0
1270,305,2025-06-23,0
1271,305,2025-06-24,1
1272,305,2025-06-25,1
1273,305,2025-06-26,0
1274,307,2025-06-27,1
1275,307,2025-06-28,1
1276,307,2025-06-29,0
1277,307,2025-06-30,0
1278,307,2025-07-01,0
1279,307,2025-07-02,1
1280,308,2025-07-03,1
1281,308,2025-07-04,1
1282,308,2025-07-05,1
1283,308,2025-07-06,1
1284,308,2025-07-07,1
1285,308,2025-07-08,1
1286,309,2025-07-09,1
1287,309,2025-07-10,0
1288,310,2025-07-11,1
1289,310,2025-07-12,1
1290,310,2025-07-13,1
1291,310,2025-07-14,0
1292,310,2025-07-15,0
1293,310,2025-07-16,0
1294,311,2025-07-17,0
1295,311,2025-07-18,1
1296,311,2025-07-19,1
1297,311,2025-07-20,0
1298,312,2025-07-21,0
1299,312,2025-07-22,0
1300,313,2025-07-23,0
1301,313,2025-07-24,1
1302,313,2025-07-25,1
1303,314,2025-07-26,0
1304,314,2025-07-27,1
1305,314,2025-07-28,0
1306,315,2025-07-29,1
1307,315,2025-07-30,1
1308,315,2025-07-31,0
1309,315,2025-08-01,1
1310,316,2025-08-02,1
1311,316,2025-08-03,0
1312,316,2025-08-04,0
1313,317,2025-08-05,1
1314,317,2025-08-06,0
1315,317,2025-08-07,1
1316,317,2025-08-08,0
1317,317,2025-08-09,1
1318,318,2025-08-10,1
1319,318,2025-08-11,0
1320,319,2025-08-12,0
1321,319,2025-08-13,0
1322,319,2025-08-14,0
1323,319,2025-08-15,1
1324,320,2025-08-16,1
1325,320,2025-08-17,1
1326,320,2025-08-18,0
1327,320,2025-08-19,1
1328,321,2025-08-20,1
1329,321,2025-08-21,0
1330,321,2025-08-22,1
1331,321,2025-08-23,0
1332,321,2025-08-24,0
1333,321,2025-08-25,1
1334,321,2025-08-26,1
1335,321,2025-08-27,0
1336,321,2025-08-28,0
1337,322,2025-08-29,1
1338,322,2025-08-30,0
1339,323,2025-08-31,0
1340,323,2025-09-01,0
1341,323,2025-09-02,0
1342,324,2025-09-03,0
1343,324,2025-09-04,0
1344,324,2025-09-05,0
1345,325,2025-09-06,1
1346,325,2025-09-07,0
1347,325,2025-09-08,0
1348,325,2025-09-09,1
1349,325,2025-09-10,1
1350,325,2025-09-11,1
1351,325,2025-09-12,1
1352,326,2025-09-13,1
1353,326,2025-09-14,0
1354,326,2025-09-15,1
1355,326,2025-09-16,1
1356,326,2025-09-17,0
1357,326,2025-09-18,1
1358,326,2025-09-19,0
1359,326,2025-09-20,0
1360,326,2025-09-21,1
1361,326,2025-09-22,1
1362,327,2025-09-23,1
1363,327,2025-09-24,0
1364,328,2025-09-25,0
1365,328,2025-09-26,1
1366,328,2025-09-27,0
1367,330,2025-09-28,0
1368,330,2025-09-29,0
1369,330,2025-09-30,0
1370,330,2025-10-01,1
1371,330,2025-10-02,1
1372,331,2025-10-03,1
1373,331,2025-10-04,0
1374,331,2025-10-05,1
1375,331,2025-10-06,0
1376,332,2025-10-07,0
1377,332,2025-10-08,0
1378,332,2025-10-09,0
1379,332,2025-10-10,0
1380,332,2025-10-11,0
1381,332,2025-10-12,0
1382,333,2025-10-13,0
1383,333,2025-10-14,1
1384,333,2025-10-15,0
1385,333,2025-10-16,1
1386,333,2025-10-17,0
1387,334,2025-10-18,0
1388,334,2025-10-19,0
1389,335,2025-10-20,0
1390,335,2025-10-21,1
1391,335,2025-10-22,0
1392,335,2025-10-23,0
1393,335,2025-10-24,0
1394,335,2025-10-25,0
1395,336,2025-10-26,1
1396,336,2025-10-27,0
1397,336,2025-10-28,1
1398,336,2025-10-29,0
1399,336,2025-10-30,0
1400,336,2025-10-31,0
1401,336,2025-11-01,1
1402,337,2025-11-02,0
1403,337,2025-11-03,1
1404,338,2025-11-04,0
1405,338,2025-11-05,0
1406,338,2025-11-06,1
1407,338,2025-11-07,1
1408,338,2025-11-08,1
1409,338,2025-11-09,0
1410,338,2025-11-10,0
1411,339,2025-11-11,1
1412,339,2025-11-12,1
1413,339,2025-11-13,1
1414,339,2025-11-14,1
1415,339,2025-11-15,1
1416,339,2025-11-16,1
1417,339,2025-11-17,1
1418,339,2025-11-18,0
1419,339,2025-11-19,1
1420,339,2025-11-20,1
1421,340,2025-11-21,1
1422,340,2025-11-22,1
1423,340,2025-11-23,1
1424,340,2025-11-24,1
1425,340,2025-11-25,0
1426,342,2025-11-26,1
1427,342,2025-11-27,1
1428,342,2025-11-28,1
1429,342,2025-11-29,0
1430,343,2025-11-30,1
1431,343,2025-12-01,0
1432,344,2025-12-02,1
1433,345,2025-12-03,0
1434,345,2025-12-04,0
1435,347,2025-12-05,0
1436,347,2025-12-06,1
1437,348,2025-12-07,0
1438,348,2025-12-08,1
1439,348,2025-12-09,1
1440,348,2025-12-10,1
1441,348,2025-12-11,1
1442,348,2025-12-12,1
1443,348,2025-12-13,1
1444,348,2025-12-14,1
1445,348,2025-12-15,0
1446,349,2025-12-16,0
1447,350,2025-12-17,0
1448,350,2025-12-18,1
1449,350,2025-12-19,0
1450,350,2025-12-20,0
1451,350,2025-12-21,1
1452,350,2025-12-22,1
1453,351,2025-12-23,0
1454,351,2025-12-24,0
1455,351,2025-12-25,1
1456,351,2025-12-26,0
1457,351,2025-12-27,0
1458,351,2025-12-28,0
1459,352,2025-12-29,1
1460,352,2025-12-30,1
1461,352,2025-12-31,1
1462,352,2026-01-01,0
1463,352,2026-01-02,1
1464,352,2026-01-03,1
1465,352,2026-01-04,1
1466,352,2026-01-05,0
1467,353,2026-01-06,1
1468,353,2026-01-07,0
1469,353,2026-01-08,0
1470,353,2026-01-09,1
1471,354,2026-01-10,0
1472,354,2026-01-11,0
1473,354,2026-01-12,0
1474,354,2026-01-13,1
1475,354,2026-01-14,1
1476,354,2026-01-15,0
1477,354,2026-01-16,1
1478,355,2026-01-17,1
1479,355,2026-01-18,1
1480,355,2026-01-19,0
1481,355,2026-01-20,1
1482,355,2026-01-21,0
1483,355,2026-01-22,1
1484,355,2026-01-23,0
1485,355,2026-01-24,0
1486,355,2026-01-25,0
1487,355,2026-01-26,0
1488,355,2026-01-27,0
1489,355,2026-01-28,0
1490,356,2026-01-29,0
1491,356,2026-01-30,1
1492,356,2026-01-31,1
1493,358,2026-02-01,0
1494,358,2026-02-02,1
1495,358,2026-02-03,0
1496,358,2026-02-04,1
1497,358,2026-02-05,0
1498,358,2026-02-06,0
1499,358,2026-02-07,0
1500,359,2026-02-08,0
1501,359,2026-02-09,0
1502,359,2026-02-10,0
1503,360,2026-02-11,0
1504,360,2026-02-12,1
1505,361,2026-02-13,0
1506,361,2026-02-14,1
1507,361,2026-02-15,1
1508,361,2026-02-16,0
1509,361,2026-02-17,0
1510,362,2026-02-18,0
1511,362,2026-02-19,0
1512,362,2026-02-20,1
1513,362,2026-02-21,0
1514,362,2026-02-22,1
1515,362,2026-02-23,1
1516,362,2026-02-24,1
1517,362,2026-02-25,0
1518,362,2026-02-26,1
1519,363,2026-02-27,0
1520,363,2026-02-28,0
1521,363,2026-03-01,0
1522,364,2026-03-02,0
1523,364,2026-03-03,0
1524,364,2026-03-04,1
1525,365,2026-03-05,1
1526,365,2026-03-06,0
1527,365,2026-03-07,0
1528,366,2026-03-08,1
1529,366,2026-03-09,0
1530,366,2026-03-10,1
1531,366,2026-03-11,0
1532,366,2026-03-12,1
1533,366,2026-03-13,1
1534,366,2026-03-14,1
1535,366,2026-03-15,1
1536,366,2026-03-16,1
1537,369,2026-03-17,1
1538,369,2026-03-18,1
1539,369,2026-03-19,0
1540,369,2026-03-20,1
1541,369,2026-03-21,0
1542,370,2026-03-22,0
1543,370,2026-03-23,1
1544,370,2026-03-24,1
1545,370,2026-03-25,1
1546,370,2026-03-26,0
1547,371,2026-03-27,1
1548,371,2026-03-28,1
1549,371,2026-03-29,0
1550,372,2026-03-30,0
1551,372,2026-03-31,1
1552,372,2026-04-01,1
1553,372,2026-04-02,1
1554,372,2026-04-03,1
1555,372,2026-04-04,1
1556,373,2026-04-05,1
1557,373,2026-04-06,0
1558,373,2026-04-07,1
1559,373,2026-04-08,0
1560,373,2026-04-09,1
1561,374,2026-04-10,0
1562,374,2026-04-11,0
1563,375,2026-04-12,1
1564,375,2026-04-13,1
1565,375,2026-04-14,0
1566,375,2026-04-15,0
1567,376,2026-04-16,1
1568,377,2026-04-17,1
1569,377,2026-04-18,1
1570,377,2026-04-19,1
1571,377,2026-04-20,0
1572,377,2026-04-21,0
1573,377,2026-04-22,0
1574,378,2026-04-23,1
1575,379,2026-04-24,1
1576,379,2026-04-25,1
1577,379,2026-04-26,0
1578,379,2026-04-27,1
1579,379,2026-04-28,1
1580,379,2026-04-29,1
1581,379,2026-04-30,0
1582,379,2026-05-01,0
1583,379,2026-05-02,1
1584,379,2026-05-03,1
1585,379,2026-05-04,1
1586,379,2026-05-05,0
1587,380,2026-05-06,0
1588,380,2026-05-07,0
1589,380,2026-05-08,0
1590,380,2026-05-09,1
1591,380,2026-05-10,0
1592,381,2026-05-11,1
1593,381,2026-05-12,1
1594,381,2026-05-13,0
1595,381,2026-05-14,0
1596,381,2026-05-15,0
1597,381,2026-05-16,1
1598,381,2026-05-17,1
1599,382,2026-05-18,0
1600,382,2026-05-19,1
1601,383,2026-05-20,0
1602,383,2026-05-21,0
1603,383,2026-05-22,0
1604,383,2026-05-23,0
1605,384,2026-05-24,1
1606,384,2026-05-25,0
1607,384,2026-05-26,0
1608,384,2026-05-27,0
1609,386,2026-05-28,0
1610,386,2026-05-29,0
1611,387,2026-05-30,0
1612,387,2026-05-31,0
1613,387,2026-06-01,1
1614,387,2026-06-02,1
1615,387,2026-06-03,0
1616,387,2026-06-04,0
1617,387,2026-06-05,0
1618,388,2026-06-06,1
1619,388,2026-06-07,1
1620,388,2026-06-08,1
1621,388,2026-06-09,0
1622,388,2026-06-10,0
1623,389,2026-06-11,0
1624,389,2026-06-12,1
1625,389,2026-06-13,1
1626,389,2026-06-14,1
1627,392,2026-06-15,1
1628,392,2026-06-16,1
1629,392,2026-06-17,0
1630,392,2026-06-18,0
1631,392,2026-06-19,0
1632,392,2026-06-20,1
1633,392,2026-06-21,0
1634,394,2026-06-22,0
1635,394,2026-06-23,0
1636,394,2026-06-24,0
1637,394,2026-06-25,0
1638,394,2026-06-26,1
1639,394,2026-06-27,1
1640,394,2026-06-28,1
1641,395,2026-06-29,0
1642,395,2026-06-30,1
1643,396,2026-07-01,0
1644,396,2026-07-02,1
1645,396,2026-07-03,0
1646,396,2026-07-04,1
1647,396,2026-07-05,1
1648,396,2026-07-06,0
1649,396,2026-07-07,1
1650,396,2026-07-08,0
1651,397,2026-07-09,0
1652,397,2026-07-10,1
1653,397,2026-07-11,1
1654,397,2026-07-12,1
1655,397,2026-07-13,0
1656,398,2026-07-14,0
1657,398,2026-07-15,1
1658,398,2026-07-16,1
1659,398,2026-07-17,0
1660,398,2026-07-18,0
1661,399,2026-07-19,1
1662,399,2026-07-20,1
1663,399,2026-07-21,1
1664,399,2026-07-22,0
1665,399,2026-07-23,0
1666,399,2026-07-24,1
1667,399,2026-07-25,1
1668,399,2026-07-26,1
1669,400,2026-07-27,1
1670,400,2026-07-28,1
1671,400,2026-07-29,1
1672,401,2026-07-30,1
1673,401,2026-07-31,0
1674,401,2026-08-01,0
1675,401,2026-08-02,1
1676,401,2026-08-03,1
1677,401,2026-08-04,1
1678,401,2026-08-05,0
1679,402,2026-08-06,0
1680,402,2026-08-07,0
1681,402,2026-08-08,0
1682,402,2026-08-09,0
1683,402,2026-08-10,1
1684,402,2026-08-11,0
1685,402,2026-08-12,0
1686,402,2026-08-13,1
1687,403,2026-08-14,0
1688,404,2026-08-15,0
1689,404,2026-08-16,0
1690,405,2026-08-17,0
1691,405,2026-08-18,0
1692,405,2026-08-19,1
1693,405,2026-08-20,1
1694,405,2026-08-21,0
1695,405,2026-08-22,0
1696,405,2026-08-23,0
1697,405,2026-08-24,1
1698,405,2026-08-25,0
1699,406,2026-08-26,0
1700,406,2026-08-27,0
1701,406,2026-08-28,1
1702,406,2026-08-29,1
1703,406,2026-08-30,0
1704,406,2026-08-31,1
1705,406,2026-09-01,1
1706,406,2026-09-02,0
1707,407,2026-09-03,1
1708,407,2026-09-04,1
1709,407,2026-09-05,0
1710,408,2026-09-06,0
1711,408,2026-09-07,1
1712,408,2026-09-08,1
1713,408,2026-09-09,1
1714,408,2026-09-10,0
1715,408,2026-09-11,0
1716,408,2026-09-12,1
1717,409,2026-09-13,0
1718,409,2026-09-14,0
1719,410,2026-09-15,1
1720,410,2026-09-16,0
1721,410,2026-09-17,1
1722,411,2026-09-18,0
1723,411,2026-09-19,0
1724,411,2026-09-20,0
1725,411,2026-09-21,0
1726,412,2026-09-22,0
1727,412,2026-09-23,1
1728,413,2026-09-24,0
1729,413,2026-09-25,0
1730,413,2026-09-26,0
1731,414,2026-09-27,1
1732,414,2026-09-28,0
1733,414,2026-09-29,0
1734,414,2026-09-30,0
1735,414,2026-10-01,1
1736,414,2026-10-02,1
1737,414,2026-10-03,1
1738,414,2026-10-04,1
1739,414,2026-10-05,1
1740,414,2026-10-06,1
1741,414,2026-10-07,1
1742,414,2026-10-08,0
1743,414,2026-10-09,0
1744,415,2026-10-10,1
1745,415,2026-10-11,0
1746,415,2026-10-12,0
1747,415,2026-10-13,1
1748,415,2026-10-14,0
1749,416,2026-10-15,1
1750,417,2026-10-16,1
1751,417,2026-10-17,0
1752,417,2026-10-18,1
1753,417,2026-10-19,1
1754,417,2026-10-20,1
1755,417,2026-10-21,1
1756,417,2026-10-22,1
1757,417,2026-10-23,1
1758,417,2026-10-24,0
1759,418,2026-10-25,0
1760,418,2026-10-26,1
1761,418,2026-10-27,1
1762,418,2026-10-28,1
1763,418,2026-10-29,1
1764,418,2026-10-30,1
1765,418,2026-10-31,0
1766,418,2026-11-01,1
1767,418,2026-11-02,1
1768,418,2026-11-03,0
1769,418,2026-11-04,1
1770,419,2026-11-05,1
1771,419,2026-11-06,1
1772,419,2026-11-07,0
1773,419,2026-11-08,0
1774,419,2026-11-09,1
1775,419,2026-11-10,0
1776,419,2026-11-11,1
1777,419,2026-11-12,1
1778,420,2026-11-13,0
1779,420,2026-11-14,0
1780,420,2026-11-15,0
1781,420,2026-11-16,0
1782,420,2026-11-17,1
1783,421,2026-11-18,0
1784,421,2026-11-19,0
1785,422,2026-11-20,1
1786,422,2026-11-21,0
1787,422,2026-11-22,0
1788,423,2026-11-23,0
1789,423,2026-11-24,0
1790,423,2026-11-25,1
1791,423,2026-11-26,0
1792,423,2026-11-27,1
1793,423,2026-11-28,0
1794,424,2026-11-29,1
1795,424,2026-11-30,0
1796,424,2026-12-01,0
1797,425,2026-12-02,0
1798,425,2026-12-03,0
1799,425,2026-12-04,1
1800,425,2026-12-05,1
1801,425,2026-12-06,0
1802,425,2026-12-07,0
1803,426,2026-12-08,0
1804,426,2026-12-09,0
1805,426,2026-12-10,0
1806,426,2026-12-11,0
1807,426,2026-12-12,0
1808,426,2026-12-13,1
1809,426,2026-12-14,0
1810,426,2026-12-15,1
1811,426,2026-12-16,1
1812,427,2026-12-17,1
1813,427,2026-12-18,1
1814,427,2026-12-19,1
1815,427,2026-12-20,0
1816,427,2026-12-21,1
1817,428,2026-12-22,1
1818,428,2026-12-23,1
1819,428,2026-12-24,1
1820,428,2026-12-25,0
1821,428,2026-12-26,1
1822,429,2026-12-27,1
1823,429,2026-12-28,0
1824,429,2026-12-29,0
1825,429,2026-12-30,0
1826,430,2026-12-31,0
1827,430,2027-01-01,0
1828,430,2027-01-02,1
1829,431,2027-01-03,0
1830,431,2027-01-04,0
1831,431,2027-01-05,0
1832,432,2027-01-06,0
1833,432,2027-01-07,0
1834,433,2027-01-08,0
1835,434,2027-01-09,0
1836,434,2027-01-10,0
1837,435,2027-01-11,1
1838,436,2027-01-12,0
1839,436,2027-01-13,0
1840,436,2027-01-14,1
1841,436,2027-01-15,0
1842,436,2027-01-16,0
1843,437,2027-01-17,0
1844,437,2027-01-18,0
1845,437,2027-01-19,1
1846,440,2027-01-20,1
1847,441,2027-01-21,0
1848,442,2027-01-22,1
1849,442,2027-01-23,1
1850,442,2027-01-24,0
1851,442,2027-01-25,0
1852,442,2027-01-26,1
1853,444,2027-01-27,1
1854,444,2027-01-28,1
1855,444,2027-01-29,1
1856,444,2027-01-30,1
1857,444,2027-01-31,1
1858,444,2027-02-01,1
1859,444,2027-02-02,1
1860,444,2027-02-03,1
1861,444,2027-02-04,1
1862,444,2027-02-05,0
1863,444,2027-02-06,1
1864,444,2027-02-07,0
1865,444,2027-02-08,1
1866,444,2027-02-09,1
1867,445,2027-02-10,1
1868,445,2027-02-11,0
1869,445,2027-02-12,1
1870,445,2027-02-13,1
1871,445,2027-02-14,0
1872,445,2027-02-15,0
1873,446,2027-02-16,0
1874,446,2027-02-17,1
1875,446,2027-02-18,0
1876,447,2027-02-19,1
1877,447,2027-02-20,1
1878,447,2027-02-21,1
1879,447,2027-02-22,1
1880,447,2027-02-23,0
1881,447,2027-02-24,1
1882,447,2027-02-25,1
1883,448,2027-02-26,1
1884,448,2027-02-27,1
1885,448,2027-02-28,0
1886,448,2027-03-01,0
1887,449,2027-03-02,1
1888,450,2027-03-03,1
1889,450,2027-03-04,0
1890,450,2027-03-05,1
1891,450,2027-03-06,1
1892,451,2027-03-07,1
1893,451,2027-03-08,1
1894,451,2027-03-09,0
1895,451,2027-03-10,1
1896,452,2027-03-11,1
1897,452,2027-03-12,1
1898,452,2027-03-13,0
1899,452,2027-03-14,0
1900,452,2027-03-15,0
1901,452,2027-03-16,0
1902,453,2027-03-17,0
1903,453,2027-03-18,0
1904,453,2027-03-19,0
1905,453,2027-03-20,1
1906,454,2027-03-21,1
1907,454,2027-03-22,1
1908,454,2027-03-23,0
1909,454,2027-03-24,1
1910,454,2027-03-25,0
1911,455,2027-03-26,0
1912,455,2027-03-27,1
1913,455,2027-03-28,0
1914,455,2027-03-29,0
1915,455,2027-03-30,0
1916,456,2027-03-31,0
1917,457,2027-04-01,0
1918,457,2027-04-02,0
1919,457,2027-04-03,1
1920,457,2027-04-04,1
1921,457,2027-04-05,1
1922,457,2027-04-06,0
1923,457,2027-04-07,0
1924,458,2027-04-08,1
1925,458,2027-04-09,1
1926,458,2027-04-10,1
1927,459,2027-04-11,1
1928,459,2027-04-12,0
1929,459,2027-04-13,1
1930,459,2027-04-14,0
1931,459,2027-04-15,1
1932,459,2027-04-16,0
1933,459,2027-04-17,1
1934,460,2027-04-18,0
1935,460,2027-04-19,1
1936,461,2027-04-20,0
1937,461,2027-04-21,0
1938,461,2027-04-22,0
1939,461,2027-04-23,1
1940,461,2027-04-24,1
1941,461,2027-04-25,0
1942,461,2027-04-26,0
1943,461,2027-04-27,0
1944,461,2027-04-28,1
1945,462,2027-04-29,1
1946,462,2027-04-30,0
1947,462,2027-05-01,1
1948,463,2027-05-02,0
1949,463,2027-05-03,0
1950,463,2027-05-04,0
1951,463,2027-05-05,1
1952,464,2027-05-06,0
1953,464,2027-05-07,0
1954,465,2027-05-08,0
1955,465,2027-05-09,1
1956,465,2027-05-10,0
1957,466,2027-05-11,0
1958,466,2027-05-12,1
1959,467,2027-05-13,0
1960,467,2027-05-14,0
1961,467,2027-05-15,0
1962,467,2027-05-16,1
1963,467,2027-05-17,0
1964,468,2027-05-18,0
1965,468,2027-05-19,0
1966,468,2027-05-20,1
1967,468,2027-05-21,0
1968,468,2027-05-22,0
1969,469,2027-05-23,0
1970,469,2027-05-24,0
1971,469,2027-05-25,0
1972,469,2027-05-26,1
1973,469,2027-05-27,0
1974,469,2027-05-28,0
1975,470,2027-05-29,0
1976,471,2027-05-30,0
1977,471,2027-05-31,1
1978,471,2027-06-01,1
1979,471,2027-06-02,1
1980,471,2027-06-03,1
1981,471,2027-06-04,0
1982,472,2027-06-05,0
1983,472,2027-06-06,0
1984,472,2027-06-07,1
1985,472,2027-06-08,0
1986,472,2027-06-09,0
1987,472,2027-06-10,1
1988,472,2027-06-11,1
1989,472,2027-06-12,1
1990,473,2027-06-13,0
1991,473,2027-06-14,1
1992,473,2027-06-15,1
1993,473,2027-06-16,1
1994,473,2027-06-17,0
1995,473,2027-06-18,0
1996,474,2027-06-19,0
1997,475,2027-06-20,1
1998,475,2027-06-21,0
1999,475,2027-06-22,0
2000,475,2027-06-23,0
2001,475,2027-06-24,1
2002,475,2027-06-25,0
2003,475,2027-06-26,0
2004,475,2027-06-27,1
2005,475,2027-06-28,1
2006,475,2027-06-29,1
2007,476,2027-06-30,0
2008,476,2027-07-01,0
2009,476,2027-07-02,0
2010,476,2027-07-03,0
2011,476,2027-07-04,0
2012,477,2027-07-05,1
2013,477,2027-07-06,1
2014,477,2027-07-07,1
2015,477,2027-07-08,1
2016,477,2027-07-09,1
2017,477,2027-07-10,0
2018,477,2027-07-11,0
2019,478,2027-07-12,0
2020,479,2027-07-13,0
2021,479,2027-07-14,1
2022,479,2027-07-15,1
2023,479,2027-07-16,0
2024,479,2027-07-17,0
2025,480,2027-07-18,0
2026,480,2027-07-19,1
2027,480,2027-07-20,1
2028,480,2027-07-21,1
2029,480,2027-07-22,1
2030,480,2027-07-23,1
2031,480,2027-07-24,1
2032,480,2027-07-25,1
2033,480,2027-07-26,1
2034,480,2027-07-27,1
2035,480,2027-07-28,1
2036,480,2027-07-29,1
2037,480,2027-07-30,0
2038,480,2027-07-31,1
2039,481,2027-08-01,1
2040,481,2027-08-02,1
2041,481,2027-08-03,0
2042,481,2027-08-04,1
2043,481,2027-08-05,0
2044,481,2027-08-06,1
2045,482,2027-08-07,1
2046,482,2027-08-08,1
2047,482,2027-08-09,1
2048,482,2027-08-10,1
2049,482,2027-08-11,1
2050,482,2027-08-12,1
2051,483,2027-08-13,1
2052,483,2027-08-14,0
2053,484,2027-08-15,0
2054,484,2027-08-16,0
2055,485,2027-08-17,1
2056,485,2027-08-18,1
2057,485,2027-08-19,0
2058,485,2027-08-20,0
2059,485,2027-08-21,1
2060,485,2027-08-22,1
2061,486,2027-08-23,0
2062,486,2027-08-24,1
2063,486,2027-08-25,0
2064,487,2027-08-26,0
2065,487,2027-08-27,1
2066,487,2027-08-28,1
2067,488,2027-08-29,1
2068,488,2027-08-30,1
2069,488,2027-08-31,0
2070,489,2027-09-01,0
2071,489,2027-09-02,0
2072,489,2027-09-03,0
2073,490,2027-09-04,0
2074,490,2027-09-05,0
2075,490,2027-09-06,0
2076,490,2027-09-07,1
2077,490,2027-09-08,1
2078,490,2027-09-09,1
2079,490,2027-09-10,1
2080,490,2027-09-11,1
2081,491,2027-09-12,0
2082,491,2027-09-13,0
2083,491,2027-09-14,0
2084,491,2027-09-15,1
2085,491,2027-09-16,1
2086,492,2027-09-17,0
2087,492,2027-09-18,1
2088,492,2027-09-19,0
2089,492,2027-09-20,0
2090,492,2027-09-21,1
2091,492,2027-09-22,0
2092,492,2027-09-23,1
2093,492,2027-09-24,0
2094,493,2027-09-25,0
2095,493,2027-09-26,0
2096,493,2027-09-27,0
2097,493,2027-09-28,0
2098,493,2027-09-29,0
2099,493,2027-09-30,0
2100,493,2027-10-01,0
2101,494,2027-10-02,0
2102,495,2027-10-03,1
2103,495,2027-10-04,1
2104,495,2027-10-05,1
2105,496,2027-10-06,1
2106,496,2027-10-07,0
2107,496,2027-10-08,1
2108,496,2027-10-09,1
2109,497,2027-10-10,1
2110,498,2027-10-11,1
2111,498,2027-10-12,1
2112,498,2027-10-13,0
2113,498,2027-10-14,1
2114,498,2027-10-15,0
2115,498,2027-10-16,0
2116,499,2027-10-17,0
2117,499,2027-10-18,0
2118,499,2027-10-19,0
2119,500,2027-10-20,0
2120,500,2027-10-21,0
2121,501,2027-10-22,0
2122,501,2027-10-23,1
2123,502,2027-10-24,1
2124,502,2027-10-25,1
2125,503,2027-10-26,1
2126,503,2027-10-27,1
2127,503,2027-10-28,0
2128,503,2027-10-29,1
2129,504,2027-10-30,1
2130,504,2027-10-31,0
2131,504,2027-11-01,0
2132,504,2027-11-02,0
2133,506,2027-11-03,1
2134,506,2027-11-04,1
2135,506,2027-11-05,1
2136,506,2027-11-06,1
2137,506,2027-11-07,1
2138,507,2027-11-08,0
2139,507,2027-11-09,0
2140,507,2027-11-10,0
2141,507,2027-11-11,0
2142,508,2027-11-12,0
2143,508,2027-11-13,0
2144,508,2027-11-14,1
2145,508,2027-11-15,0
2146,508,2027-11-16,1
2147,508,2027-11-17,1
2148,508,2027-11-18,0
2149,508,2027-11-19,0
2150,509,2027-11-20,1
2151,509,2027-11-21,0
2152,509,2027-11-22,0
2153,509,2027-11-23,1
2154,509,2027-11-24,0
2155,510,2027-11-25,0
2156,510,2027-11-26,1
2157,510,2027-11-27,0
2158,510,2027-11-28,1
2159,510,2027-11-29,1
2160,510,2027-11-30,0
2161,511,2027-12-01,0
2162,512,2027-12-02,1
2163,512,2027-12-03,1
2164,512,2027-12-04,0
2165,512,2027-12-05,1
2166,512,2027-12-06,0
2167,512,2027-12-07,0
2168,512,2027-12-08,0
2169,513,2027-12-09,0
2170,513,2027-12-10,0
2171,513,2027-12-11,1
2172,514,2027-12-12,0
2173,515,2027-12-13,1
2174,515,2027-12-14,1
2175,515,2027-12-15,0
2176,515,2027-12-16,0
2177,515,2027-12-17,0
2178,516,2027-12-18,0
2179,516,2027-12-19,1
2180,516,2027-12-20,1
2181,516,2027-12-21,1
2182,517,2027-12-22,0
2183,517,2027-12-23,1
2184,517,2027-12-24,0
2185,518,2027-12-25,1
2186,518,2027-12-26,0
2187,518,2027-12-27,0
2188,518,2027-12-28,0
2189,518,2027-12-29,0
2190,518,2027-12-30,1
2191,518,2027-12-31,1
2192,519,2028-01-01,1
2193,519,2028-01-02,0
2194,519,2028-01-03,0
2195,519,2028-01-04,0
2196,520,2028-01-05,1
2197,520,2028-01-06,1
2198,520,2028-01-07,1
2199,520,2028-01-08,0
2200,520,2028-01-09,1
2201,521,2028-01-10,0
2202,522,2028-01-11,0
2203,522,2028-01-12,1
2204,522,2028-01-13,0
2205,523,2028-01-14,1
2206,523,2028-01-15,1
2207,523,2028-01-16,0
2208,523,2028-01-17,1
2209,523,2028-01-18,0
2210,523,2028-01-19,1
2211,523,2028-01-20,1
2212,524,2028-01-21,0
2213,524,2028-01-22,1
2214,525,2028-01-23,1
2215,525,2028-01-24,0
2216,525,2028-01-25,0
2217,525,2028-01-26,0
2218,525,2028-01-27,1
2219,525,2028-01-28,1
2220,526,2028-01-29,0
2221,526,2028-01-30,0
2222,526,2028-01-31,1
2223,526,2028-02-01,0
2224,526,2028-02-02,1
2225,526,2028-02-03,0
2226,526,2028-02-04,0
2227,526,2028-02-05,1
2228,526,2028-02-06,0
2229,527,2028-02-07,1
2230,527,2028-02-08,0
2231,527,2028-02-09,1
2232,527,2028-02-10,1
2233,527,2028-02-11,1
2234,527,2028-02-12,1
2235,527,2028-02-13,1
2236,527,2028-02-14,0
2237,529,2028-02-15,0
2238,529,2028-02-16,0
2239,530,2028-02-17,1
2240,531,2028-02-18,1
2241,531,2028-02-19,0
2242,531,2028-02-20,1
2243,531,2028-02-21,0
2244,532,2028-02-22,0
2245,532,2028-02-23,0
2246,532,2028-02-24,0
2247,533,2028-02-25,0
2248,533,2028-02-26,0
2249,533,2028-02-27,1
2250,533,2028-02-28,0
2251,533,2028-02-29,0
2252,534,2028-03-01,0
2253,534,2028-03-02,0
2254,534,2028-03-03,0
2255,534,2028-03-04,0
2256,534,2028-03-05,0
2257,535,2028-03-06,0
2258,535,2028-03-07,0
2259,536,2028-03-08,0
2260,536,2028-03-09,0
2261,536,2028-03-10,0
2262,536,2028-03-11,0
2263,536,2028-03-12,0
2264,537,2028-03-13,0
2265,537,2028-03-14,1
2266,537,2028-03-15,0
2267,537,2028-03-16,0
2268,537,2028-03-17,1
2269,538,2028-03-18,0
2270,538,2028-03-19,0
2271,540,2028-03-20,1
2272,540,2028-03-21,0
2273,540,2028-03-22,1
2274,540,2028-03-23,0
2275,540,2028-03-24,0
2276,541,2028-03-25,0
2277,542,2028-03-26,1
2278,542,2028-03-27,0
2279,542,2028-03-28,0
2280,542,2028-03-29,1
2281,542,2028-03-30,1
2282,543,2028-03-31,0
2283,543,2028-04-01,1
2284,543,2028-04-02,1
2285,544,2028-04-03,1
2286,544,2028-04-04,1
2287,544,2028-04-05,1
2288,544,2028-04-06,1
2289,544,2028-04-07,0
2290,545,2028-04-08,0
2291,545,2028-04-09,0
2292,545,2028-04-10,0
2293,545,2028-04-11,0
2294,545,2028-04-12,1
2295,545,2028-04-13,1
2296,545,2028-04-14,0
2297,546,2028-04-15,0
2298,546,2028-04-16,1
2299,546,2028-04-17,1
2300,546,2028-04-18,0
2301,546,2028-04-19,0
2302,546,2028-04-20,0
2303,546,2028-04-21,1
2304,547,2028-04-22,0
2305,547,2028-04-23,1
2306,548,2028-04-24,1
2307,548,2028-04-25,0
2308,548,2028-04-26,0
2309,549,2028-04-27,1
2310,549,2028-04-28,1
2311,549,2028-04-29,1
2312,549,2028-04-30,1
2313,549,2028-05-01,0
2314,551,2028-05-02,1
2315,552,2028-05-03,1
2316,553,2028-05-04,0
2317,553,2028-05-05,1
2318,553,2028-05-06,1
2319,553,2028-05-07,0
2320,553,2028-05-08,1
2321,554,2028-05-09,0
2322,554,2028-05-10,0
2323,554,2028-05-11,1
2324,554,2028-05-12,0
2325,554,2028-05-13,1
2326,555,2028-05-14,0
2327,555,2028-05-15,0
2328,555,2028-05-16,0
2329,555,2028-05-17,0
2330,556,2028-05-18,0
2331,556,2028-05-19,0
2332,556,2028-05-20,1
2333,556,2028-05-21,1
2334,556,2028-05-22,1
2335,556,2028-05-23,0
2336,557,2028-05-24,1
2337,557,2028-05-25,0
2338,557,2028-05-26,0
2339,558,2028-05-27,0
2340,558,2028-05-28,0
2341,559,2028-05-29,0
2342,559,2028-05-30,0
2343,559,2028-05-31,1
2344,559,2028-06-01,0
2345,559,2028-06-02,0
2346,560,2028-06-03,0
2347,560,2028-06-04,0
2348,560,2028-06-05,1
2349,560,2028-06-06,0
2350,560,2028-06-07,0
2351,561,2028-06-08,1
2352,561,2028-06-09,0
2353,561,2028-06-10,0
2354,561,2028-06-11,0
2355,561,2028-06-12,0
2356,561,2028-06-13,1
2357,562,2028-06-14,1
2358,562,2028-06-15,0
2359,562,2028-06-16,1
2360,562,2028-06-17,1
2361,562,2028-06-18,0
2362,562,2028-06-19,0
2363,562,2028-06-20,0
2364,562,2028-06-21,0
2365,562,2028-06-22,0
2366,562,2028-06-23,0
2367,563,2028-06-24,0
2368,563,2028-06-25,1
2369,563,2028-06-26,0
2370,563,2028-06-27,1
2371,564,2028-06-28,0
2372,565,2028-06-29,0
2373,565,2028-06-30,1
2374,565,2028-07-01,0
2375,565,2028-07-02,1
2376,565,2028-07-03,0
2377,565,2028-07-04,0
2378,566,2028-07-05,1
2379,566,2028-07-06,1
2380,566,2028-07-07,1
2381,566,2028-07-08,1
2382,566,2028-07-09,0
2383,566,2028-07-10,1
2384,566,2028-07-11,1
2385,567,2028-07-12,0
2386,567,2028-07-13,0
2387,568,2028-07-14,1
2388,568,2028-07-15,1
2389,568,2028-07-16,0
2390,569,2028-07-17,1
2391,569,2028-07-18,0
2392,569,2028-07-19,0
2393,570,2028-07-20,0
2394,570,2028-07-21,1
2395,570,2028-07-22,0
2396,570,2028-07-23,0
2397,570,2028-07-24,1
2398,570,2028-07-25,0
2399,571,2028-07-26,0
2400,571,2028-07-27,1
2401,571,2028-07-28,0
2402,571,2028-07-29,0
2403,571,2028-07-30,0
2404,572,2028-07-31,0
2405,572,2028-08-01,0
2406,572,2028-08-02,0
2407,573,2028-08-03,1
2408,573,2028-08-04,1
2409,573,2028-08-05,1
2410,573,2028-08-06,0
2411,574,2028-08-07,0
2412,574,2028-08-08,1
2413,575,2028-08-09,0
2414,575,2028-08-10,1
2415,575,2028-08-11,0
2416,577,2028-08-12,1
2417,577,2028-08-13,1
2418,577,2028-08-14,1
2419,577,2028-08-15,0
2420,577,2028-08-16,1
2421,577,2028-08-17,1
2422,577,2028-08-18,1
2423,577,2028-08-19,0
2424,578,2028-08-20,0
2425,578,2028-08-21,1
2426,578,2028-08-22,0
2427,578,2028-08-23,1
2428,579,2028-08-24,1
2429,580,2028-08-25,0
2430,580,2028-08-26,0
2431,580,2028-08-27,0
2432,580,2028-08-28,1
2433,581,2028-08-29,0
2434,582,2028-08-30,1
2435,582,2028-08-31,1
2436,582,2028-09-01,0
2437,582,2028-09-02,1
2438,582,2028-09-03,0
2439,582,2028-09-04,0
2440,582,2028-09-05,0
2441,583,2028-09-06,1
2442,583,2028-09-07,1
2443,583,2028-09-08,1
2444,583,2028-09-09,1
2445,583,2028-09-10,0
2446,585,2028-09-11,1
2447,585,2028-09-12,1
2448,585,2028-09-13,1
2449,585,2028-09-14,0
2450,586,2028-09-15,1
2451,586,2028-09-16,1
2452,586,2028-09-17,0
2453,586,2028-09-18,1
2454,586,2028-09-19,1
2455,586,2028-09-20,0
2456,586,2028-09-21,1
2457,587,2028-09-22,1
2458,588,2028-09-23,0
2459,589,2028-09-24,1
2460,589,2028-09-25,0
2461,589,2028-09-26,0
2462,589,2028-09-27,0
2463,589,2028-09-28,0
2464,589,2028-09-29,1
2465,589,2028-09-30,0
2466,590,2028-10-01,0
2467,590,2028-10-02,0
2468,590,2028-10-03,0
2469,590,2028-10-04,1
2470,590,2028-10-05,1
2471,590,2028-10-06,1
2472,590,2028-10-07,1
2473,590,2028-10-08,1
2474,590,2028-10-09,0
2475,590,2028-10-10,0
2476,590,2028-10-11,1
2477,590,2028-10-12,1
2478,590,2028-10-13,0
2479,590,2028-10-14,0
2480,590,2028-10-15,0
2481,590,2028-10-16,1
2482,590,2028-10-17,0
2483,590,2028-10-18,1
2484,590,2028-10-19,0
2485,591,2028-10-20,0
2486,591,2028-10-21,0
2487,591,2028-10-22,0
2488,591,2028-10-23,0
2489,592,2028-10-24,1
2490,592,2028-10-25,1
2491,592,2028-10-26,0
2492,592,2028-10-27,0
2493,592,2028-10-28,0
2494,593,2028-10-29,0
2495,593,2028-10-30,1
2496,594,2028-10-31,0
2497,594,2028-11-01,0
2498,594,2028-11-02,0
2499,595,2028-11-03,0
2500,595,2028-11-04,0
2501,595,2028-11-05,1
2502,595,2028-11-06,0
2503,596,2028-11-07,1
2504,596,2028-11-08,0
2505,597,2028-11-09,0
2506,597,2028-11-10,0
2507,597,2028-11-11,1
2508,598,2028-11-12,1
2509,598,2028-11-13,1
2510,598,2028-11-14,1
2511,598,2028-11-15,0
2512,598,2028-11-16,1
2513,598,2028-11-17,0
2514,598,2028-11-18,1
2515,598,2028-11-19,1
2516,598,2028-11-20,1
2517,599,2028-11-21,1
2518,599,2028-11-22,1
2519,599,2028-11-23,0
2520,599,2028-11-24,1
2521,599,2028-11-25,0
2522,599,2028-11-26,1
2523,599,2028-11-27,1
2524,599,2028-11-28,0
2525,600,2028-11-29,0
2526,600,2028-11-30,0
2527,601,2028-12-01,1
2528,601,2028-12-02,0
2529,601,2028-12-03,1
2530,601,2028-12-04,0
2531,602,2028-12-05,1
2532,602,2028-12-06,1
2533,602,2028-12-07,0
2534,602,2028-12-08,1
2535,602,2028-12-09,1
2536,602,2028-12-10,0
2537,602,2028-12-11,0
2538,602,2028-12-12,1
2539,602,2028-12-13,0
2540,603,2028-12-14,1
2541,604,2028-12-15,1
2542,604,2028-12-16,1
2543,605,2028-12-17,0
2544,605,2028-12-18,1
2545,605,2028-12-19,0
2546,605,2028-12-20,0
2547,605,2028-12-21,0
2548,605,2028-12-22,0
2549,605,2028-12-23,0
2550,605,2028-12-24,0
2551,606,2028-12-25,1
2552,606,2028-12-26,0
2553,606,2028-12-27,0
2554,606,2028-12-28,0
2555,606,2028-12-29,1
2556,607,2028-12-30,0
2557,607,2028-12-31,0
2558,607,2029-01-01,0
2559,607,2029-01-02,0
2560,607,2029-01-03,0
2561,607,2029-01-04,1
2562,607,2029-01-05,1
2563,607,2029-01-06,1
2564,607,2029-01-07,1
2565,608,2029-01-08,0
2566,608,2029-01-09,1
2567,608,2029-01-10,0
2568,608,2029-01-11,0
2569,608,2029-01-12,1
2570,608,2029-01-13,0
2571,608,2029-01-14,0
2572,608,2029-01-15,0
2573,608,2029-01-16,1
2574,609,2029-01-17,1
2575,609,2029-01-18,0
2576,610,2029-01-19,1
2577,610,2029-01-20,0
2578,610,2029-01-21,0
2579,611,2029-01-22,0
2580,611,2029-01-23,1
2581,611,2029-01-24,1
2582,611,2029-01-25,1
2583,611,2029-01-26,1
2584,612,2029-01-27,0
2585,612,2029-01-28,1
2586,612,2029-01-29,0
2587,612,2029-01-30,1
2588,612,2029-01-31,1
2589,612,2029-02-01,0
2590,612,2029-02-02,0
2591,613,2029-02-03,0
2592,613,2029-02-04,1
2593,613,2029-02-05,0
2594,614,2029-02-06,1
2595,614,2029-02-07,1
2596,614,2029-02-08,0
2597,614,2029-02-09,1
2598,615,2029-02-10,0
2599,615,2029-02-11,0
2600,616,2029-02-12,1
2601,617,2029-02-13,1
2602,617,2029-02-14,1
2603,617,2029-02-15,1
2604,617,2029-02-16,0
2605,617,2029-02-17,1
2606,617,2029-02-18,1
2607,617,2029-02-19,1
2608,617,2029-02-20,0
2609,617,2029-02-21,1
2610,617,2029-02-22,1
2611,617,2029-02-23,0
2612,617,2029-02-24,1
2613,617,2029-02-25,1
2614,617,2029-02-26,1
2615,617,2029-02-27,1
2616,618,2029-02-28,0
2617,618,2029-03-01,0
2618,619,2029-03-02,0
2619,619,2029-03-03,0
2620,619,2029-03-04,0
2621,619,2029-03-05,0
2622,619,2029-03-06,0
2623,619,2029-03-07,0
2624,620,2029-03-08,1
2625,620,2029-03-09,0
2626,620,2029-03-10,0
2627,620,2029-03-11,0
2628,620,2029-03-12,0
2629,621,2029-03-13,0
2630,622,2029-03-14,1
2631,622,2029-03-15,0
2632,622,2029-03-16,1
2633,622,2029-03-17,1
2634,622,2029-03-18,0
2635,623,2029-03-19,1
2636,623,2029-03-20,0
2637,623,2029-03-21,1
2638,624,2029-03-22,0
2639,624,2029-03-23,1
2640,624,2029-03-24,0
2641,624,2029-03-25,0
2642,624,2029-03-26,0
2643,624,2029-03-27,1
2644,624,2029-03-28,1
2645,624,2029-03-29,1
2646,625,2029-03-30,0
2647,625,2029-03-31,1
2648,626,2029-04-01,0
2649,626,2029-04-02,0
2650,626,2029-04-03,0
2651,626,2029-04-04,0
2652,626,2029-04-05,0
2653,626,2029-04-06,1
2654,627,2029-04-07,0
2655,627,2029-04-08,1
2656,628,2029-04-09,0
2657,628,2029-04-10,1
2658,628,2029-04-11,0
2659,628,2029-04-12,1
2660,628,2029-04-13,1
2661,628,2029-04-14,1
2662,628,2029-04-15,1
2663,628,2029-04-16,1
2664,628,2029-04-17,0
2665,628,2029-04-18,1
2666,628,2029-04-19,1
2667,629,2029-04-20,1
2668,629,2029-04-21,1
2669,629,2029-04-22,0
2670,629,2029-04-23,0
2671,629,2029-04-24,0
2672,629,2029-04-25,1
2673,629,2029-04-26,0
2674,630,2029-04-27,0
2675,631,2029-04-28,1
2676,631,2029-04-29,0
2677,631,2029-04-30,0
2678,631,2029-05-01,1
2679,631,2029-05-02,1
2680,631,2029-05-03,0
2681,632,2029-05-04,0
2682,632,2029-05-05,1
2683,632,2029-05-06,1
2684,632,2029-05-07,1
2685,632,2029-05-08,1
2686,633,2029-05-09,0
2687,633,2029-05-10,0
2688,633,2029-05-11,0
2689,633,2029-05-12,1
2690,633,2029-05-13,0
2691,633,2029-05-14,0
2692,634,2029-05-15,0
2693,634,2029-05-16,1
2694,635,2029-05-17,0
2695,635,2029-05-18,0
2696,635,2029-05-19,1
2697,635,2029-05-20,0
2698,636,2029-05-21,1
2699,636,2029-05-22,1
2700,636,2029-05-23,1
2701,636,2029-05-24,0
2702,636,2029-05-25,1
2703,636,2029-05-26,0
2704,636,2029-05-27,0
2705,636,2029-05-28,1
2706,636,2029-05-29,0
2707,637,2029-05-30,0
2708,637,2029-05-31,0
2709,637,2029-06-01,0
2710,637,2029-06-02,0
2711,638,2029-06-03,0
2712,638,2029-06-04,0
2713,638,2029-06-05,0
2714,639,2029-06-06,0
2715,639,2029-06-07,1
2716,639,2029-06-08,1
2717,639,2029-06-09,1
2718,639,2029-06-10,1
2719,639,2029-06-11,1
2720,640,2029-06-12,1
2721,640,2029-06-13,0
2722,640,2029-06-14,1
2723,640,2029-06-15,0
2724,640,2029-06-16,0
2725,640,2029-06-17,0
2726,640,2029-06-18,0
2727,640,2029-06-19,1
2728,642,2029-06-20,0
2729,642,2029-06-21,0
2730,642,2029-06-22,1
2731,642,2029-06-23,1
2732,642,2029-06-24,0
2733,642,2029-06-25,0
2734,643,2029-06-26,0
2735,643,2029-06-27,0
2736,643,2029-06-28,0
2737,644,2029-06-29,1
2738,644,2029-06-30,0
2739,644,2029-07-01,1
2740,644,2029-07-02,0
2741,644,2029-07-03,0
2742,644,2029-07-04,0
2743,644,2029-07-05,1
2744,645,2029-07-06,0
2745,645,2029-07-07,1
2746,645,2029-07-08,0
2747,646,2029-07-09,0
2748,646,2029-07-10,0
2749,646,2029-07-11,0
2750,646,2029-07-12,1
2751,647,2029-07-13,1
2752,647,2029-07-14,1
2753,647,2029-07-15,0
2754,648,2029-07-16,1
2755,648,2029-07-17,0
2756,649,2029-07-18,0
2757,649,2029-07-19,1
2758,650,2029-07-20,0
2759,650,2029-07-21,0
2760,650,2029-07-22,1
2761,651,2029-07-23,1
2762,651,2029-07-24,1
2763,651,2029-07-25,1
2764,651,2029-07-26,0
2765,652,2029-07-27,1
2766,652,2029-07-28,1
2767,652,2029-07-29,1
2768,652,2029-07-30,1
2769,653,2029-07-31,1
2770,653,2029-08-01,0
2771,653,2029-08-02,0
2772,654,2029-08-03,1
2773,654,2029-08-04,1
2774,654,2029-08-05,0
2775,655,2029-08-06,0
2776,655,2029-08-07,1
2777,656,2029-08-08,0
2778,656,2029-08-09,0
2779,657,2029-08-10,0
2780,657,2029-08-11,1
2781,657,2029-08-12,0
2782,657,2029-08-13,0
2783,658,2029-08-14,1
2784,658,2029-08-15,0
2785,658,2029-08-16,0
2786,659,2029-08-17,1
2787,659,2029-08-18,1
2788,659,2029-08-19,1
2789,660,2029-08-20,1
2790,660,2029-08-21,1
2791,660,2029-08-22,1
2792,660,2029-08-23,1
2793,661,2029-08-24,0
2794,661,2029-08-25,1
2795,661,2029-08-26,0
2796,661,2029-08-27,0
2797,662,2029-08-28,1
2798,662,2029-08-29,0
2799,663,2029-08-30,0
2800,663,2029-08-31,1
2801,664,2029-09-01,1
2802,664,2029-09-02,1
2803,664,2029-09-03,1
2804,664,2029-09-04,0
2805,664,2029-09-05,1
2806,664,2029-09-06,1
2807,664,2029-09-07,1
2808,664,2029-09-08,1
2809,664,2029-09-09,1
2810,664,2029-09-10,1
2811,664,2029-09-11,1
2812,664,2029-09-12,1
2813,665,2029-09-13,1
2814,665,2029-09-14,1
2815,665,2029-09-15,0
2816,665,2029-09-16,1
2817,665,2029-09-17,1
2818,665,2029-09-18,1
2819,665,2029-09-19,0
2820,666,2029-09-20,0
2821,667,2029-09-21,0
2822,667,2029-09-22,0
2823,668,2029-09-23,0
2824,668,2029-09-24,0
2825,668,2029-09-25,1
2826,668,2029-09-26,0
2827,668,2029-09-27,1
2828,668,2029-09-28,1
2829,669,2029-09-29,0
2830,669,2029-09-30,1
2831,669,2029-10-01,0
2832,669,2029-10-02,0
2833,670,2029-10-03,0
2834,671,2029-10-04,0
2835,671,2029-10-05,1
2836,671,2029-10-06,0
2837,672,2029-10-07,0
2838,672,2029-10-08,0
2839,672,2029-10-09,0
2840,672,2029-10-10,0
2841,672,2029-10-11,1
2842,673,2029-10-12,1
2843,673,2029-10-13,0
2844,673,2029-10-14,1
2845,673,2029-10-15,0
2846,673,2029-10-16,1
2847,674,2029-10-17,1
2848,675,2029-10-18,0
2849,675,2029-10-19,1
2850,675,2029-10-20,0
2851,675,2029-10-21,0
2852,675,2029-10-22,1
2853,675,2029-10-23,0
2854,675,2029-10-24,1
2855,676,2029-10-25,0
2856,676,2029-10-26,0
2857,676,2029-10-27,0
2858,676,2029-10-28,1
2859,677,2029-10-29,1
2860,677,2029-10-30,1
2861,677,2029-10-31,1
2862,677,2029-11-01,0
2863,677,2029-11-02,1
2864,677,2029-11-03,1
2865,677,2029-11-04,1
2866,677,2029-11-05,1
2867,677,2029-11-06,0
2868,677,2029-11-07,1
2869,677,2029-11-08,1
2870,677,2029-11-09,1
2871,678,2029-11-10,1
2872,678,2029-11-11,1
2873,678,2029-11-12,1
2874,678,2029-11-13,1
2875,679,2029-11-14,1
2876,679,2029-11-15,0
2877,679,2029-11-16,0
2878,679,2029-11-17,1
2879,679,2029-11-18,0
2880,679,2029-11-19,1
2881,679,2029-11-20,1
2882,680,2029-11-21,1
2883,680,2029-11-22,1
2884,680,2029-11-23,1
2885,680,2029-11-24,0
2886,681,2029-11-25,1
2887,681,2029-11-26,1
2888,681,2029-11-27,0
2889,681,2029-11-28,1
2890,681,2029-11-29,0
2891,681,2029-11-30,0
2892,681,2029-12-01,0
2893,681,2029-12-02,1
2894,682,2029-12-03,0
2895,683,2029-12-04,1
2896,683,2029-12-05,1
2897,683,2029-12-06,0
2898,684,2029-12-07,1
2899,684,2029-12-08,0
2900,684,2029-12-09,0
2901,684,2029-12-10,1
2902,684,2029-12-11,1
2903,684,2029-12-12,0
2904,684,2029-12-13,1
2905,685,2029-12-14,1
2906,685,2029-12-15,0
2907,685,2029-12-16,0
2908,685,2029-12-17,0
2909,686,2029-12-18,1
2910,686,2029-12-19,1
2911,687,2029-12-20,0
2912,687,2029-12-21,1
2913,687,2029-12-22,0
2914,687,2029-12-23,1
2915,687,2029-12-24,1
2916,688,2029-12-25,0
2917,688,2029-12-26,0
2918,688,2029-12-27,1
2919,688,2029-12-28,1
2920,688,2029-12-29,1
2921,688,2029-12-30,0
2922,688,2029-12-31,1
2923,688,2030-01-01,1
2924,688,2030-01-02,1
2925,688,2030-01-03,1
2926,688,2030-01-04,1
2927,688,2030-01-05,1
2928,688,2030-01-06,1
2929,688,2030-01-07,1
2930,688,2030-01-08,1
2931,688,2030-01-09,0
2932,688,2030-01-10,1
2933,688,2030-01-11,0
2934,688,2030-01-12,0
2935,688,2030-01-13,1
2936,689,2030-01-14,1
2937,689,2030-01-15,0
2938,689,2030-01-16,0
2939,689,2030-01-17,0
2940,689,2030-01-18,1
2941,690,2030-01-19,0
2942,690,2030-01-20,0
2943,690,2030-01-21,1
2944,690,2030-01-22,0
2945,691,2030-01-23,1
2946,691,2030-01-24,1
2947,691,2030-01-25,0
2948,691,2030-01-26,0
2949,691,2030-01-27,0
2950,692,2030-01-28,1
2951,692,2030-01-29,1
2952,692,2030-01-30,1
2953,692,2030-01-31,0
2954,694,2030-02-01,0
2955,695,2030-02-02,0
2956,695,2030-02-03,1
2957,695,2030-02-04,0
2958,696,2030-02-05,0
2959,696,2030-02-06,0
2960,696,2030-02-07,0
2961,696,2030-02-08,1
2962,696,2030-02-09,1
2963,696,2030-02-10,0
2964,696,2030-02-11,0
2965,698,2030-02-12,0
2966,698,2030-02-13,0
2967,698,2030-02-14,0
2968,699,2030-02-15,0
2969,699,2030-02-16,0
2970,699,2030-02-17,0
2971,699,2030-02-18,0
2972,700,2030-02-19,1
2973,700,2030-02-20,0
2974,700,2030-02-21,0
2975,701,2030-02-22,0
2976,701,2030-02-23,0
2977,701,2030-02-24,0
2978,701,2030-02-25,0
2979,701,2030-02-26,1
2980,701,2030-02-27,1
2981,702,2030-02-28,1
2982,702,2030-03-01,0
2983,702,2030-03-02,1
2984,702,2030-03-03,0
2985,702,2030-03-04,1
2986,703,2030-03-05,0
2987,703,2030-03-06,1
2988,703,2030-03-07,1
2989,703,2030-03-08,0
2990,704,2030-03-09,0
2991,704,2030-03-10,1
2992,704,2030-03-11,1
2993,705,2030-03-12,1
2994,705,2030-03-13,1
2995,706,2030-03-14,0
2996,706,2030-03-15,0
2997,706,2030-03-16,0
2998,706,2030-03-17,0
2999,706,2030-03-18,0
3000,707,2030-03-19,0
3001,707,2030-03-20,1
3002,707,2030-03-21,0
3003,707,2030-03-22,0
3004,707,2030-03-23,0
3005,708,2030-03-24,0
3006,708,2030-03-25,1
3007,708,2030-03-26,0
3008,708,2030-03-27,1
3009,709,2030-03-28,0
3010,709,2030-03-29,1
3011,710,2030-03-30,0
3012,710,2030-03-31,0
3013,710,2030-04-01,0
3014,710,2030-04-02,1
3015,711,2030-04-03,1
3016,711,2030-04-04,1
3017,711,2030-04-05,1
3018,712,2030-04-06,0
3019,713,2030-04-07,0
3020,713,2030-04-08,1
3021,714,2030-04-09,0
3022,714,2030-04-10,1
3023,714,2030-04-11,1
3024,714,2030-04-12,0
3025,714,2030-04-13,1
3026,714,2030-04-14,0
3027,715,2030-04-15,0
3028,715,2030-04-16,0
3029,715,2030-04-17,0
3030,716,2030-04-18,0
3031,716,2030-04-19,0
3032,716,2030-04-20,1
3033,716,2030-04-21,0
3034,716,2030-04-22,0
3035,717,2030-04-23,0
3036,718,2030-04-24,1
3037,718,2030-04-25,0
3038,718,2030-04-26,1
3039,718,2030-04-27,1
3040,718,2030-04-28,1
3041,718,2030-04-29,1
3042,718,2030-04-30,1
3043,719,2030-05-01,0
3044,719,2030-05-02,1
3045,719,2030-05-03,0
3046,719,2030-05-04,0
3047,720,2030-05-05,0
3048,720,2030-05-06,0
3049,721,2030-05-07,1
3050,721,2030-05-08,1
3051,721,2030-05-09,0
3052,722,2030-05-10,1
3053,722,2030-05-11,0
3054,722,2030-05-12,0
3055,722,2030-05-13,0
3056,722,2030-05-14,0
3057,723,2030-05-15,1
3058,724,2030-05-16,0
3059,724,2030-05-17,0
3060,724,2030-05-18,0
3061,725,2030-05-19,0
3062,725,2030-05-20,0
3063,725,2030-05-21,1
3064,725,2030-05-22,1
3065,725,2030-05-23,0
3066,725,2030-05-24,1
3067,725,2030-05-25,1
3068,726,2030-05-26,1
3069,726,2030-05-27,0
3070,726,2030-05-28,0
3071,726,2030-05-29,0
3072,726,2030-05-30,1
3073,726,2030-05-31,0
3074,726,2030-06-01,0
3075,726,2030-06-02,0
3076,726,2030-06-03,1
3077,726,2030-06-04,1
3078,728,2030-06-05,1
3079,728,2030-06-06,1
3080,728,2030-06-07,1
3081,729,2030-06-08,0
3082,729,2030-06-09,0
3083,730,2030-06-10,1
3084,730,2030-06-11,1
3085,731,2030-06-12,1
3086,731,2030-06-13,1
3087,731,2030-06-14,0
3088,731,2030-06-15,0
3089,732,2030-06-16,0
3090,732,2030-06-17,0
3091,732,2030-06-18,1
3092,733,2030-06-19,0
3093,733,2030-06-20,1
3094,733,2030-06-21,0
3095,733,2030-06-22,1
3096,733,2030-06-23,1
3097,734,2030-06-24,0
3098,734,2030-06-25,0
3099,734,2030-06-26,1
3100,735,2030-06-27,1
3101,736,2030-06-28,1
3102,736,2030-06-29,0
3103,736,2030-06-30,1
3104,737,2030-07-01,0
3105,737,2030-07-02,0
3106,737,2030-07-03,1
3107,737,2030-07-04,1
3108,737,2030-07-05,0
3109,737,2030-07-06,1
3110,737,2030-07-07,1
3111,737,2030-07-08,0
3112,738,2030-07-09,0
3113,738,2030-07-10,0
3114,738,2030-07-11,1
3115,738,2030-07-12,1
3116,738,2030-07-13,1
3117,738,2030-07-14,1
3118,738,2030-07-15,0
3119,738,2030-07-16,1
3120,738,2030-07-17,1
3121,739,2030-07-18,1
3122,739,2030-07-19,1
3123,740,2030-07-20,1
3124,740,2030-07-21,1
3125,740,2030-07-22,1
3126,741,2030-07-23,0
3127,741,2030-07-24,1
3128,741,2030-07-25,1
3129,741,2030-07-26,1
3130,741,2030-07-27,1
3131,741,2030-07-28,1
3132,741,2030-07-29,1
3133,742,2030-07-30,1
3134,742,2030-07-31,1
3135,742,2030-08-01,1
3136,742,2030-08-02,1
3137,742,2030-08-03,1
3138,742,2030-08-04,1
3139,742,2030-08-05,1
3140,742,2030-08-06,1
3141,742,2030-08-07,1
3142,742,2030-08-08,0
3143,743,2030-08-09,0
3144,743,2030-08-10,1
3145,743,2030-08-11,1
3146,743,2030-08-12,1
3147,744,2030-08-13,1
3148,744,2030-08-14,0
3149,745,2030-08-15,1
3150,745,2030-08-16,1
3151,745,2030-08-17,1
3152,745,2030-08-18,1
3153,745,2030-08-19,0
3154,745,2030-08-20,1
3155,745,2030-08-21,0
3156,745,2030-08-22,0
3157,745,2030-08-23,1
3158,746,2030-08-24,0
3159,746,2030-08-25,0
3160,746,2030-08-26,0
3161,746,2030-08-27,0
3162,747,2030-08-28,1
3163,747,2030-08-29,0
3164,747,2030-08-30,1
3165,747,2030-08-31,0
3166,747,2030-09-01,1
3167,747,2030-09-02,1
3168,747,2030-09-03,1
3169,748,2030-09-04,0
3170,748,2030-09-05,0
3171,748,2030-09-06,1
3172,748,2030-09-07,0
3173,748,2030-09-08,1
3174,748,2030-09-09,0
3175,749,2030-09-10,1
3176,749,2030-09-11,0
3177,749,2030-09-12,0
3178,749,2030-09-13,0
3179,750,2030-09-14,1
3180,750,2030-09-15,0
3181,750,2030-09-16,0
3182,751,2030-09-17,1
3183,751,2030-09-18,0
3184,751,2030-09-19,1
3185,751,2030-09-20,0
3186,752,2030-09-21,1
3187,752,2030-09-22,1
3188,752,2030-09-23,0
3189,753,2030-09-24,0
3190,753,2030-09-25,0
3191,753,2030-09-26,0
3192,754,2030-09-27,1
3193,754,2030-09-28,0
3194,754,2030-09-29,0
3195,754,2030-09-30,0
3196,755,2030-10-01,1
3197,755,2030-10-02,1
3198,755,2030-10-03,1
3199,755,2030-10-04,1
3200,755,2030-10-05,1
3201,755,2030-10-06,1
3202,755,2030-10-07,1
3203,755,2030-10-08,1
3204,755,2030-10-09,1
3205,756,2030-10-10,1
3206,756,2030-10-11,0
3207,756,2030-10-12,0
3208,756,2030-10-13,1
3209,756,2030-10-14,1
3210,756,2030-10-15,1
3211,756,2030-10-16,0
3212,756,2030-10-17,1
3213,756,2030-10-18,1
3214,756,2030-10-19,0
3215,756,2030-10-20,1
3216,757,2030-10-21,0
3217,757,2030-10-22,0
3218,757,2030-10-23,1
3219,758,2030-10-24,1
3220,758,2030-10-25,0
3221,758,2030-10-26,0
3222,758,2030-10-27,0
3223,758,2030-10-28,1
3224,758,2030-10-29,1
3225,758,2030-10-30,0
3226,759,2030-10-31,1
3227,759,2030-11-01,1
3228,760,2030-11-02,1
3229,760,2030-11-03,1
3230,760,2030-11-04,0
3231,760,2030-11-05,1
3232,761,2030-11-06,0
3233,761,2030-11-07,0
3234,761,2030-11-08,0
3235,761,2030-11-09,0
3236,761,2030-11-10,0
3237,762,2030-11-11,0
3238,762,2030-11-12,1
3239,762,2030-11-13,1
3240,762,2030-11-14,1
3241,763,2030-11-15,1
3242,763,2030-11-16,0
3243,763,2030-11-17,0
3244,763,2030-11-18,0
3245,763,2030-11-19,0
3246,763,2030-11-20,1
3247,763,2030-11-21,1
3248,764,2030-11-22,0
3249,764,2030-11-23,1
3250,764,2030-11-24,0
3251,765,2030-11-25,0
3252,765,2030-11-26,1
3253,765,2030-11-27,1
3254,765,2030-11-28,0
3255,765,2030-11-29,1
3256,765,2030-11-30,0
3257,765,2030-12-01,1
3258,766,2030-12-02,0
3259,766,2030-12-03,0
3260,766,2030-12-04,0
3261,767,2030-12-05,1
3262,767,2030-12-06,0
3263,768,2030-12-07,1
3264,768,2030-12-08,0
3265,768,2030-12-09,0
3266,768,2030-12-10,0
3267,768,2030-12-11,1
3268,769,2030-12-12,0
3269,770,2030-12-13,1
3270,770,2030-12-14,1
3271,770,2030-12-15,1
3272,770,2030-12-16,1
3273,770,2030-12-17,1
3274,770,2030-12-18,1
3275,770,2030-12-19,1
3276,770,2030-12-20,1
3277,770,2030-12-21,1
3278,770,2030-12-22,1
3279,770,2030-12-23,0
3280,771,2030-12-24,1
3281,771,2030-12-25,1
3282,771,2030-12-26,0
3283,771,2030-12-27,1
3284,771,2030-12-28,1
3285,772,2030-12-29,0
3286,772,2030-12-30,1
3287,772,2030-12-31,1
3288,772,2031-01-01,0
3289,772,2031-01-02,1
3290,772,2031-01-03,0
3291,773,2031-01-04,0
3292,773,2031-01-05,0
3293,773,2031-01-06,1
3294,774,2031-01-07,0
3295,774,2031-01-08,0
3296,774,2031-01-09,1
3297,774,2031-01-10,0
3298,774,2031-01-11,1
3299,774,2031-01-12,1
3300,774,2031-01-13,1
3301,775,2031-01-14,1
3302,775,2031-01-15,1
3303,775,2031-01-16,0
3304,775,2031-01-17,0
3305,775,2031-01-18,1
3306,775,2031-01-19,1
3307,776,2031-01-20,1
3308,776,2031-01-21,0
3309,776,2031-01-22,0
3310,776,2031-01-23,0
3311,777,2031-01-24,0
3312,777,2031-01-25,0
3313,777,2031-01-26,1
3314,777,2031-01-27,1
3315,778,2031-01-28,1
3316,778,2031-01-29,0
3317,778,2031-01-30,1
3318,778,2031-01-31,0
3319,778,2031-02-01,1
3320,779,2031-02-02,0
3321,779,2031-02-03,1
3322,779,2031-02-04,0
3323,779,2031-02-05,1
3324,780,2031-02-06,1
3325,780,2031-02-07,0
3326,780,2031-02-08,1
3327,780,2031-02-09,0
3328,780,2031-02-10,0
3329,781,2031-02-11,1
3330,781,2031-02-12,1
3331,782,2031-02-13,0
3332,783,2031-02-14,0
3333,783,2031-02-15,0
3334,784,2031-02-16,0
3335,784,2031-02-17,0
3336,785,2031-02-18,1
3337,785,2031-02-19,0
3338,785,2031-02-20,0
3339,786,2031-02-21,0
3340,786,2031-02-22,0
3341,786,2031-02-23,1
3342,786,2031-02-24,1
3343,786,2031-02-25,1
3344,787,2031-02-26,1
3345,787,2031-02-27,1
3346,787,2031-02-28,1
3347,787,2031-03-01,0
3348,787,2031-03-02,0
3349,787,2031-03-03,1
3350,787,2031-03-04,1
3351,787,2031-03-05,0
3352,788,2031-03-06,1
3353,788,2031-03-07,0
3354,788,2031-03-08,0
3355,789,2031-03-09,0
3356,789,2031-03-10,0
3357,789,2031-03-11,1
3358,789,2031-03-12,0
3359,789,2031-03-13,0
3360,789,2031-03-14,0
3361,789,2031-03-15,0
3362,789,2031-03-16,1
3363,790,2031-03-17,0
3364,790,2031-03-18,0
3365,790,2031-03-19,0
3366,790,2031-03-20,0
3367,790,2031-03-21,1
3368,790,2031-03-22,1
3369,791,2031-03-23,0
3370,791,2031-03-24,0
3371,791,2031-03-25,0
3372,791,2031-03-26,0
3373,792,2031-03-27,1
3374,792,2031-03-28,1
3375,792,2031-03-29,1
3376,793,2031-03-30,0
3377,793,2031-03-31,0
3378,793,2031-04-01,1
3379,794,2031-04-02,0
3380,794,2031-04-03,1
3381,794,2031-04-04,1
3382,794,2031-04-05,1
3383,794,2031-04-06,0
3384,794,2031-04-07,1
3385,795,2031-04-08,0
3386,795,2031-04-09,0
3387,796,2031-04-10,0
3388,796,2031-04-11,0
3389,796,2031-04-12,0
3390,796,2031-04-13,1
3391,796,2031-04-14,0
3392,796,2031-04-15,1
3393,797,2031-04-16,1
3394,797,2031-04-17,1
3395,797,2031-04-18,1
3396,797,2031-04-19,1
3397,797,2031-04-20,1
3398,797,2031-04-21,1
3399,797,2031-04-22,0
3400,797,2031-04-23,1
3401,797,2031-04-24,0
3402,797,2031-04-25,1
3403,798,2031-04-26,1
3404,798,2031-04-27,1
3405,798,2031-04-28,1
3406,798,2031-04-29,0
3407,798,2031-04-30,1
3408,798,2031-05-01,0
3409,798,2031-05-02,0
3410,799,2031-05-03,0
3411,800,2031-05-04,1
3412,800,2031-05-05,1
3413,800,2031-05-06,1
3414,800,2031-05-07,1
3415,801,2031-05-08,0
3416,801,2031-05-09,0
3417,801,2031-05-10,0
3418,801,2031-05-11,1
3419,801,2031-05-12,0
3420,801,2031-05-13,0
3421,801,2031-05-14,1
3422,802,2031-05-15,0
3423,802,2031-05-16,0
3424,802,2031-05-17,0
3425,803,2031-05-18,1
3426,803,2031-05-19,0
3427,803,2031-05-20,0
3428,803,2031-05-21,1
3429,803,2031-05-22,0
3430,804,2031-05-23,0
3431,804,2031-05-24,1
3432,804,2031-05-25,0
3433,805,2031-05-26,1
3434,805,2031-05-27,1
3435,805,2031-05-28,0
3436,805,2031-05-29,1
3437,805,2031-05-30,0
3438,805,2031-05-31,0
3439,805,2031-06-01,0
3440,805,2031-06-02,1
3441,805,2031-06-03,0
3442,806,2031-06-04,0
3443,806,2031-06-05,0
3444,807,2031-06-06,0
3445,808,2031-06-07,0
3446,808,2031-06-08,1
3447,808,2031-06-09,0
3448,809,2031-06-10,0
3449,809,2031-06-11,0
3450,809,2031-06-12,0
3451,810,2031-06-13,0
3452,810,2031-06-14,1
3453,810,2031-06-15,0
3454,810,2031-06-16,1
3455,810,2031-06-17,0
3456,810,2031-06-18,0
3457,811,2031-06-19,0
3458,811,2031-06-20,1
3459,812,2031-06-21,0
3460,812,2031-06-22,0
3461,813,2031-06-23,0
3462,813,2031-06-24,0
3463,813,2031-06-25,1
3464,813,2031-06-26,1
3465,813,2031-06-27,1
3466,813,2031-06-28,1
3467,813,2031-06-29,0
3468,813,2031-06-30,0
3469,814,2031-07-01,1
3470,814,2031-07-02,0
3471,814,2031-07-03,1
3472,816,2031-07-04,0
3473,816,2031-07-05,0
3474,816,2031-07-06,0
3475,816,2031-07-07,0
3476,816,2031-07-08,0
3477,816,2031-07-09,0
3478,817,2031-07-10,0
3479,818,2031-07-11,0
3480,818,2031-07-12,1
3481,818,2031-07-13,1
3482,818,2031-07-14,1
3483,818,2031-07-15,1
3484,818,2031-07-16,1
3485,818,2031-07-17,1
3486,818,2031-07-18,1
3487,818,2031-07-19,0
3488,818,2031-07-20,1
3489,818,2031-07-21,1
3490,819,2031-07-22,0
3491,819,2031-07-23,1
3492,819,2031-07-24,1
3493,819,2031-07-25,1
3494,819,2031-07-26,0
3495,819,2031-07-27,0
3496,819,2031-07-28,1
3497,819,2031-07-29,0
3498,819,2031-07-30,0
3499,819,2031-07-31,0
3500,819,2031-08-01,1
3501,820,2031-08-02,1
3502,821,2031-08-03,0
3503,822,2031-08-04,1
3504,822,2031-08-05,1
3505,822,2031-08-06,0
3506,822,2031-08-07,1
3507,822,2031-08-08,1
3508,822,2031-08-09,0
3509,822,2031-08-10,0
3510,822,2031-08-11,1
3511,823,2031-08-12,0
3512,823,2031-08-13,0
3513,823,2031-08-14,1
3514,823,2031-08-15,0
3515,824,2031-08-16,1
3516,824,2031-08-17,0
3517,825,2031-08-18,1
3518,826,2031-08-19,0
3519,826,2031-08-20,1
3520,826,2031-08-21,0
3521,826,2031-08-22,0
3522,827,2031-08-23,0
3523,827,2031-08-24,1
3524,827,2031-08-25,1
3525,827,2031-08-26,0
3526,827,2031-08-27,0
3527,827,2031-08-28,1
3528,827,2031-08-29,1
3529,827,2031-08-30,1
3530,828,2031-08-31,1
3531,828,2031-09-01,1
3532,828,2031-09-02,0
3533,828,2031-09-03,0
3534,828,2031-09-04,1
3535,829,2031-09-05,1
3536,829,2031-09-06,0
3537,829,2031-09-07,1
3538,829,2031-09-08,1
3539,829,2031-09-09,0
3540,830,2031-09-10,1
3541,831,2031-09-11,1
3542,831,2031-09-12,0
3543,831,2031-09-13,0
3544,832,2031-09-14,0
3545,832,2031-09-15,1
3546,832,2031-09-16,1
3547,832,2031-09-17,1
3548,832,2031-09-18,1
3549,832,2031-09-19,1
3550,832,2031-09-20,1
3551,832,2031-09-21,1
3552,833,2031-09-22,0
3553,834,2031-09-23,0
3554,834,2031-09-24,1
3555,834,2031-09-25,0
3556,835,2031-09-26,1
3557,835,2031-09-27,1
3558,835,2031-09-28,0
3559,835,2031-09-29,0
3560,836,2031-09-30,1
3561,836,2031-10-01,0
3562,837,2031-10-02,0
3563,837,2031-10-03,1
3564,837,2031-10-04,1
3565,837,2031-10-05,0
3566,837,2031-10-06,0
3567,838,2031-10-07,0
3568,838,2031-10-08,1
3569,838,2031-10-09,0
3570,839,2031-10-10,1
3571,839,2031-10-11,1
3572,839,2031-10-12,1
3573,840,2031-10-13,1
3574,840,2031-10-14,0
3575,841,2031-10-15,0
3576,841,2031-10-16,0
3577,841,2031-10-17,0
3578,841,2031-10-18,0
3579,842,2031-10-19,0
3580,842,2031-10-20,0
3581,842,2031-10-21,0
3582,843,2031-10-22,1
3583,843,2031-10-23,1
3584,843,2031-10-24,0
3585,843,2031-10-25,0
3586,843,2031-10-26,1
3587,843,2031-10-27,1
3588,843,2031-10-28,1
3589,843,2031-10-29,0
3590,843,2031-10-30,0
3591,843,2031-10-31,1
3592,843,2031-11-01,1
3593,843,2031-11-02,0
3594,844,2031-11-03,0
3595,844,2031-11-04,1
3596,844,2031-11-05,0
3597,844,2031-11-06,0
3598,844,2031-11-07,0
3599,844,2031-11-08,1
3600,845,2031-11-09,0
3601,845,2031-11-10,1
3602,845,2031-11-11,1
3603,846,2031-11-12,1
3604,846,2031-11-13,1
3605,846,2031-11-14,1
3606,846,2031-11-15,1
3607,846,2031-11-16,0
3608,847,2031-11-17,0
3609,847,2031-11-18,0
3610,847,2031-11-19,1
3611,847,2031-11-20,1
3612,847,2031-11-21,1
3613,847,2031-11-22,0
3614,847,2031-11-23,0
3615,847,2031-11-24,1
3616,847,2031-11-25,0
3617,847,2031-11-26,1
3618,847,2031-11-27,1
3619,847,2031-11-28,0
3620,847,2031-11-29,0
3621,849,2031-11-30,0
3622,849,2031-12-01,1
3623,850,2031-12-02,0
3624,850,2031-12-03,0
3625,850,2031-12-04,0
3626,850,2031-12-05,1
3627,850,2031-12-06,1
3628,851,2031-12-07,0
3629,851,2031-12-08,0
3630,851,2031-12-09,0
3631,851,2031-12-10,0
3632,852,2031-12-11,0
3633,852,2031-12-12,1
3634,852,2031-12-13,0
3635,852,2031-12-14,0
3636,853,2031-12-15,1
3637,853,2031-12-16,1
3638,853,2031-12-17,0
3639,853,2031-12-18,0
3640,853,2031-12-19,0
3641,853,2031-12-20,0
3642,853,2031-12-21,0
3643,854,2031-12-22,0
3644,854,2031-12-23,1
3645,854,2031-12-24,1
3646,855,2031-12-25,0
3647,855,2031-12-26,0
3648,855,2031-12-27,0
3649,856,2031-12-28,0
3650,856,2031-12-29,1
3651,856,2031-12-30,0
3652,857,2031-12-31,1
3653,857,2032-01-01,0
3654,858,2032-01-02,1
3655,858,2032-01-03,1
3656,858,2032-01-04,1
3657,858,2032-01-05,1
3658,858,2032-01-06,0
3659,858,2032-01-07,1
3660,858,2032-01-08,1
3661,858,2032-01-09,1
3662,858,2032-01-10,0
3663,858,2032-01-11,1
3664,858,2032-01-12,1
3665,858,2032-01-13,0
3666,859,2032-01-14,0
3667,859,2032-01-15,1
3668,860,2032-01-16,0
3669,860,2032-01-17,1
3670,860,2032-01-18,1
3671,860,2032-01-19,0
3672,860,2032-01-20,1
3673,860,2032-01-21,0
3674,861,2032-01-22,0
3675,861,2032-01-23,1
3676,861,2032-01-24,1
3677,861,2032-01-25,0
3678,862,2032-01-26,0
3679,862,2032-01-27,0
3680,862,2032-01-28,0
3681,863,2032-01-29,1
3682,863,2032-01-30,0
3683,863,2032-01-31,0
3684,864,2032-02-01,1
3685,864,2032-02-02,0
3686,864,2032-02-03,0
3687,865,2032-02-04,0
3688,865,2032-02-05,0
3689,866,2032-02-06,0
3690,866,2032-02-07,1
3691,866,2032-02-08,1
3692,866,2032-02-09,1
3693,866,2032-02-10,1
3694,866,2032-02-11,1
3695,867,2032-02-12,0
3696,867,2032-02-13,1
3697,868,2032-02-14,1
3698,868,2032-02-15,1
3699,868,2032-02-16,0
3700,868,2032-02-17,0
3701,868,2032-02-18,0
3702,868,2032-02-19,1
3703,869,2032-02-20,0
3704,869,2032-02-21,0
3705,869,2032-02-22,1
3706,870,2032-02-23,0
3707,870,2032-02-24,1
3708,871,2032-02-25,1
3709,871,2032-02-26,1
3710,871,2032-02-27,0
3711,871,2032-02-28,1
3712,871,2032-02-29,1
3713,871,2032-03-01,0
3714,871,2032-03-02,0
3715,872,2032-03-03,0
3716,872,2032-03-04,0
3717,873,2032-03-05,0
3718,873,2032-03-06,0
3719,873,2032-03-07,0
3720,874,2032-03-08,0
3721,874,2032-03-09,1
3722,874,2032-03-10,0
3723,874,2032-03-11,0
3724,877,2032-03-12,0
3725,877,2032-03-13,0
3726,877,2032-03-14,0
3727,878,2032-03-15,0
3728,878,2032-03-16,1
3729,878,2032-03-17,0
3730,878,2032-03-18,0
3731,878,2032-03-19,0
3732,878,2032-03-20,0
3733,878,2032-03-21,0
3734,879,2032-03-22,0
3735,879,2032-03-23,1
3736,879,2032-03-24,0
3737,879,2032-03-25,1
3738,879,2032-03-26,1
3739,879,2032-03-27,0
3740,879,2032-03-28,0
3741,879,2032-03-29,1
3742,879,2032-03-30,0
3743,880,2032-03-31,0
3744,880,2032-04-01,1
3745,880,2032-04-02,1
3746,881,2032-04-03,1
3747,881,2032-04-04,1
3748,882,2032-04-05,0
3749,882,2032-04-06,1
3750,882,2032-04-07,0
3751,882,2032-04-08,1
3752,882,2032-04-09,1
3753,882,2032-04-10,1
3754,882,2032-04-11,1
3755,882,2032-04-12,1
3756,882,2032-04-13,1
3757,883,2032-04-14,0
3758,883,2032-04-15,0
3759,883,2032-04-16,1
3760,884,2032-04-17,0
3761,884,2032-04-18,1
3762,884,2032-04-19,0
3763,885,2032-04-20,0
3764,886,2032-04-21,0
3765,886,2032-04-22,1
3766,886,2032-04-23,0
3767,886,2032-04-24,1
3768,886,2032-04-25,1
3769,886,2032-04-26,1
3770,886,2032-04-27,0
3771,886,2032-04-28,0
3772,886,2032-04-29,0
3773,886,2032-04-30,1
3774,887,2032-05-01,0
3775,887,2032-05-02,0
3776,887,2032-05-03,0
3777,887,2032-05-04,0
3778,888,2032-05-05,0
3779,888,2032-05-06,0
3780,888,2032-05-07,0
3781,889,2032-05-08,0
3782,890,2032-05-09,0
3783,890,2032-05-10,0
3784,891,2032-05-11,1
3785,891,2032-05-12,0
3786,892,2032-05-13,1
3787,892,2032-05-14,0
3788,893,2032-05-15,0
3789,893,2032-05-16,0
3790,893,2032-05-17,1
3791,893,2032-05-18,1
3792,893,2032-05-19,1
3793,894,2032-05-20,0
3794,895,2032-05-21,1
3795,895,2032-05-22,0
3796,895,2032-05-23,0
3797,895,2032-05-24,1
3798,896,2032-05-25,1
3799,896,2032-05-26,1
3800,896,2032-05-27,1
3801,896,2032-05-28,1
3802,896,2032-05-29,0
3803,896,2032-05-30,0
3804,896,2032-05-31,0
3805,897,2032-06-01,0
3806,898,2032-06-02,1
3807,898,2032-06-03,0
3808,898,2032-06-04,1
3809,899,2032-06-05,0
3810,899,2032-06-06,0
3811,899,2032-06-07,1
3812,899,2032-06-08,0
3813,899,2032-06-09,0
3814,899,2032-06-10,1
3815,900,2032-06-11,0
3816,900,2032-06-12,0
3817,901,2032-06-13,1
3818,901,2032-06-14,0
3819,902,2032-06-15,0
3820,902,2032-06-16,0
3821,902,2032-06-17,1
3822,902,2032-06-18,0
3823,902,2032-06-19,1
3824,902,2032-06-20,1
3825,902,2032-06-21,0
3826,902,2032-06-22,0
3827,902,2032-06-23,1
3828,902,2032-06-24,1
3829,902,2032-06-25,1
3830,903,2032-06-26,0
3831,903,2032-06-27,0
3832,904,2032-06-28,0
3833,904,2032-06-29,0
3834,904,2032-06-30,1
3835,904,2032-07-01,1
3836,904,2032-07-02,1
3837,904,2032-07-03,1
3838,904,2032-07-04,0
3839,904,2032-07-05,0
3840,905,2032-07-06,0
3841,905,2032-07-07,1
3842,906,2032-07-08,0
3843,906,2032-07-09,1
3844,906,2032-07-10,0
3845,906,2032-07-11,1
3846,906,2032-07-12,0
3847,908,2032-07-13,0
3848,909,2032-07-14,0
3849,909,2032-07-15,0
3850,909,2032-07-16,0
3851,910,2032-07-17,1
3852,910,2032-07-18,1
3853,910,2032-07-19,0
3854,910,2032-07-20,1
3855,910,2032-07-21,0
3856,911,2032-07-22,0
3857,911,2032-07-23,0
3858,911,2032-07-24,1
3859,912,2032-07-25,0
3860,912,2032-07-26,1
3861,912,2032-07-27,0
3862,912,2032-07-28,0
3863,912,2032-07-29,1
3864,912,2032-07-30,1
3865,912,2032-07-31,1
3866,913,2032-08-01,1
3867,913,2032-08-02,1
3868,913,2032-08-03,0
3869,913,2032-08-04,1
3870,913,2032-08-05,0
3871,913,2032-08-06,0
3872,913,2032-08-07,1
3873,913,2032-08-08,1
3874,914,2032-08-09,0
3875,915,2032-08-10,0
3876,915,2032-08-11,1
3877,915,2032-08-12,1
3878,915,2032-08-13,0
3879,915,2032-08-14,0
3880,915,2032-08-15,1
3881,915,2032-08-16,0
3882,915,2032-08-17,0
3883,915,2032-08-18,1
3884,915,2032-08-19,1
3885,915,2032-08-20,0
3886,915,2032-08-21,0
3887,915,2032-08-22,1
3888,915,2032-08-23,0
3889,915,2032-08-24,1
3890,916,2032-08-25,0
3891,917,2032-08-26,0
3892,917,2032-08-27,0
3893,917,2032-08-28,1
3894,917,2032-08-29,1
3895,917,2032-08-30,1
3896,917,2032-08-31,1
3897,918,2032-09-01,0
3898,918,2032-09-02,1
3899,918,2032-09-03,0
3900,918,2032-09-04,1
3901,918,2032-09-05,0
3902,918,2032-09-06,1
3903,919,2032-09-07,0
3904,919,2032-09-08,1
3905,919,2032-09-09,1
3906,919,2032-09-10,0
3907,919,2032-09-11,1
3908,919,2032-09-12,1
3909,920,2032-09-13,1
3910,920,2032-09-14,0
3911,921,2032-09-15,0
3912,922,2032-09-16,1
3913,922,2032-09-17,0
3914,922,2032-09-18,0
3915,923,2032-09-19,0
3916,924,2032-09-20,0
3917,924,2032-09-21,0
3918,924,2032-09-22,1
3919,924,2032-09-23,0
3920,925,2032-09-24,0
3921,926,2032-09-25,0
3922,926,2032-09-26,0
3923,926,2032-09-27,1
3924,926,2032-09-28,0
3925,927,2032-09-29,0
3926,927,2032-09-30,0
3927,927,2032-10-01,0
3928,927,2032-10-02,1
3929,928,2032-10-03,1
3930,928,2032-10-04,1
3931,928,2032-10-05,0
3932,928,2032-10-06,0
3933,928,2032-10-07,0
3934,928,2032-10-08,1
3935,929,2032-10-09,0
3936,929,2032-10-10,1
3937,929,2032-10-11,0
3938,929,2032-10-12,1
3939,929,2032-10-13,0
3940,929,2032-10-14,0
3941,930,2032-10-15,1
3942,930,2032-10-16,0
3943,930,2032-10-17,0
3944,931,2032-10-18,1
3945,931,2032-10-19,1
3946,932,2032-10-20,0
3947,932,2032-10-21,0
3948,932,2032-10-22,1
3949,932,2032-10-23,0
3950,933,2032-10-24,0
3951,933,2032-10-25,0
3952,933,2032-10-26,0
3953,933,2032-10-27,0
3954,934,2032-10-28,1
3955,934,2032-10-29,1
3956,934,2032-10-30,1
3957,934,2032-10-31,1
3958,934,2032-11-01,0
3959,934,2032-11-02,0
3960,934,2032-11-03,0
3961,934,2032-11-04,1
3962,934,2032-11-05,0
3963,934,2032-11-06,0
3964,934,2032-11-07,1
3965,934,2032-11-08,1
3966,934,2032-11-09,1
3967,935,2032-11-10,1
3968,935,2032-11-11,1
3969,935,2032-11-12,0
3970,936,2032-11-13,1
3971,936,2032-11-14,1
3972,936,2032-11-15,0
3973,936,2032-11-16,0
3974,936,2032-11-17,1
3975,936,2032-11-18,0
3976,937,2032-11-19,0
3977,937,2032-11-20,0
3978,937,2032-11-21,0
3979,938,2032-11-22,1
3980,938,2032-11-23,1
3981,938,2032-11-24,1
3982,939,2032-11-25,1
3983,939,2032-11-26,0
3984,939,2032-11-27,0
3985,939,2032-11-28,1
3986,940,2032-11-29,0
3987,940,2032-11-30,0
3988,940,2032-12-01,0
3989,940,2032-12-02,0
3990,940,2032-12-03,0
3991,940,2032-12-04,0
3992,941,2032-12-05,1
3993,941,2032-12-06,0
3994,941,2032-12-07,1
3995,941,2032-12-08,0
3996,941,2032-12-09,1
3997,941,2032-12-10,0
3998,942,2032-12-11,1
3999,942,2032-12-12,1
4000,942,2032-12-13,1
4001,942,2032-12-14,0
4002,942,2032-12-15,1
4003,942,2032-12-16,1
4004,943,2032-12-17,1
4005,943,2032-12-18,1
4006,943,2032-12-19,0
4007,944,2032-12-20,0
4008,944,2032-12-21,0
4009,944,2032-12-22,0
4010,944,2032-12-23,0
4011,944,2032-12-24,0
4012,945,2032-12-25,1
4013,945,2032-12-26,1
4014,945,2032-12-27,1
4015,945,2032-12-28,1
4016,945,2032-12-29,1
4017,945,2032-12-30,1
4018,946,2032-12-31,0
4019,946,2033-01-01,1
4020,946,2033-01-02,0
4021,946,2033-01-03,1
4022,947,2033-01-04,1
4023,949,2033-01-05,0
4024,949,2033-01-06,1
4025,949,2033-01-07,1
4026,949,2033-01-08,1
4027,951,2033-01-09,1
4028,951,2033-01-10,0
4029,952,2033-01-11,1
4030,952,2033-01-12,1
4031,952,2033-01-13,0
4032,952,2033-01-14,1
4033,952,2033-01-15,0
4034,953,2033-01-16,1
4035,953,2033-01-17,0
4036,953,2033-01-18,1
4037,953,2033-01-19,1
4038,955,2033-01-20,1
4039,955,2033-01-21,0
4040,955,2033-01-22,0
4041,955,2033-01-23,1
4042,956,2033-01-24,1
4043,956,2033-01-25,1
4044,956,2033-01-26,1
4045,956,2033-01-27,0
4046,956,2033-01-28,0
4047,956,2033-01-29,1
4048,958,2033-01-30,1
4049,958,2033-01-31,0
4050,958,2033-02-01,0
4051,959,2033-02-02,1
4052,959,2033-02-03,1
4053,959,2033-02-04,0
4054,959,2033-02-05,0
4055,959,2033-02-06,1
4056,959,2033-02-07,1
4057,959,2033-02-08,1
4058,959,2033-02-09,0
4059,960,2033-02-10,1
4060,960,2033-02-11,0
4061,961,2033-02-12,1
4062,961,2033-02-13,0
4063,961,2033-02-14,1
4064,961,2033-02-15,1
4065,961,2033-02-16,1
4066,961,2033-02-17,0
4067,961,2033-02-18,1
4068,961,2033-02-19,1
4069,961,2033-02-20,1
4070,962,2033-02-21,1
4071,962,2033-02-22,0
4072,962,2033-02-23,1
4073,963,2033-02-24,1
4074,963,2033-02-25,0
4075,964,2033-02-26,0
4076,964,2033-02-27,0
4077,964,2033-02-28,0
4078,965,2033-03-01,0
4079,965,2033-03-02,1
4080,965,2033-03-03,0
4081,965,2033-03-04,0
4082,966,2033-03-05,0
4083,966,2033-03-06,0
4084,966,2033-03-07,0
4085,967,2033-03-08,0
4086,967,2033-03-09,1
4087,967,2033-03-10,0
4088,968,2033-03-11,0
4089,968,2033-03-12,1
4090,968,2033-03-13,0
4091,968,2033-03-14,1
4092,968,2033-03-15,0
4093,969,2033-03-16,0
4094,969,2033-03-17,0
4095,969,2033-03-18,1
4096,969,2033-03-19,1
4097,970,2033-03-20,1
4098,970,2033-03-21,1
4099,971,2033-03-22,0
4100,971,2033-03-23,0
4101,971,2033-03-24,0
4102,972,2033-03-25,1
4103,972,2033-03-26,0
4104,972,2033-03-27,0
4105,972,2033-03-28,1
4106,972,2033-03-29,0
4107,973,2033-03-30,1
4108,973,2033-03-31,0
4109,974,2033-04-01,0
4110,974,2033-04-02,1
4111,974,2033-04-03,1
4112,975,2033-04-04,0
4113,975,2033-04-05,1
4114,975,2033-04-06,0
4115,976,2033-04-07,0
4116,976,2033-04-08,0
4117,976,2033-04-09,0
4118,976,2033-04-10,1
4119,976,2033-04-11,1
4120,977,2033-04-12,1
4121,977,2033-04-13,0
4122,977,2033-04-14,0
4123,978,2033-04-15,0
4124,978,2033-04-16,0
4125,978,2033-04-17,0
4126,978,2033-04-18,1
4127,978,2033-04-19,1
4128,979,2033-04-20,0
4129,979,2033-04-21,1
4130,979,2033-04-22,1
4131,980,2033-04-23,0
4132,980,2033-04-24,0
4133,980,2033-04-25,1
4134,980,2033-04-26,1
4135,980,2033-04-27,0
4136,980,2033-04-28,0
4137,980,2033-04-29,1
4138,981,2033-04-30,0
4139,981,2033-05-01,0
4140,981,2033-05-02,1
4141,982,2033-05-03,0
4142,982,2033-05-04,0
4143,982,2033-05-05,0
4144,983,2033-05-06,1
4145,983,2033-05-07,0
4146,983,2033-05-08,1
4147,983,2033-05-09,0
4148,984,2033-05-10,1
4149,984,2033-05-11,0
4150,984,2033-05-12,1
4151,985,2033-05-13,0
4152,985,2033-05-14,1
4153,985,2033-05-15,0
4154,986,2033-05-16,1
4155,986,2033-05-17,0
4156,987,2033-05-18,0
4157,987,2033-05-19,1
4158,987,2033-05-20,0
4159,987,2033-05-21,1
4160,987,2033-05-22,0
4161,987,2033-05-23,0
4162,988,2033-05-24,1
4163,988,2033-05-25,0
4164,988,2033-05-26,1
4165,988,2033-05-27,0
4166,989,2033-05-28,0
4167,989,2033-05-29,1
4168,990,2033-05-30,0
4169,990,2033-05-31,0
4170,991,2033-06-01,1
4171,991,2033-06-02,0
4172,991,2033-06-03,1
4173,991,2033-06-04,1
4174,991,2033-06-05,1
4175,991,2033-06-06,0
4176,991,2033-06-07,0
4177,991,2033-06-08,0
4178,991,2033-06-09,0
4179,992,2033-06-10,0
4180,992,2033-06-11,0
4181,992,2033-06-12,1
4182,992,2033-06-13,1
4183,993,2033-06-14,0
4184,993,2033-06-15,1
4185,993,2033-06-16,0
4186,993,2033-06-17,1
4187,993,2033-06-18,1
4188,993,2033-06-19,0
4189,993,2033-06-20,1
4190,994,2033-06-21,0
4191,994,2033-06-22,0
4192,994,2033-06-23,1
4193,994,2033-06-24,0
4194,994,2033-06-25,1
4195,994,2033-06-26,1
4196,994,2033-06-27,0
4197,994,2033-06-28,1
4198,994,2033-06-29,1
4199,994,2033-06-30,1
4200,994,2033-07-01,1
4201,995,2033-07-02,1
4202,995,2033-07-03,0
4203,995,2033-07-04,0
4204,996,2033-07-05,0
4205,997,2033-07-06,1
4206,997,2033-07-07,1
4207,997,2033-07-08,1
4208,997,2033-07-09,0
4209,997,2033-07-10,1
4210,997,2033-07-11,1
4211,997,2033-07-12,1
4212,997,2033-07-13,1
4213,997,2033-07-14,0
4214,997,2033-07-15,0
4215,998,2033-07-16,1
4216,998,2033-07-17,0
4217,998,2033-07-18,0
4218,998,2033-07-19,1
4219,998,2033-07-20,0
4220,999,2033-07-21,1
4221,1000,2033-07-22,1
4222,1000,2033-07-23,1
4223,1000,2033-07-24,1
4224,1000,2033-07-25,1
4225,1000,2033-07-26,1
